CustomerCode	DefaultCost	DefaultPrice	ExtendedCost	ExtendedPrice	FilledDescription	LineNumber	LineType	LineWeight	OrderByUM	LotTotalCost	OrderNumber	OverrideCost	OverridePrice	PricingUM	ProductCode	ProductDescription	ProductText1	ProductText2	Quantity_Pricing	Quantity_Ordered	Quantity_Estimated	UnitPrice	UnitCost	LotQuantity_Prc	LotQuantity_Alt	InvoiceDate
4124	6.9692	0	1612.77	1839.79		1	1	231.42	PC	1612.77	608442	0	7.95	LB	 42218-1-01	BEEF, SHORT RIBS 20-OZ 3-RIB			231.42	180	225	7.95	6.9692	231.42	18	06/20/2011
440	0.05	0.4	79.9	639.2		1	1	1598	LB	79.9	608468	0	0.4	LB	 41108-1-01	BEEF, TRIMMINGS			1598	5000	5000	0.4	0.05	1598	2	06/20/2011
440	0.8	1.16	7412.8	10748.56		2	1	9266	LB	7412.8	608468	0	1.16	LB	 43738-1-01	FROZEN BNLS STEAK TRIMMINGS			9266	5000	5000	1.16	0.8	9266	6	06/20/2011
3593	1	1.32	1950	2574		1	1	1950	BX	1950	608588	0	1.32	LB	 48511-1-01	BEEF, TENDERLOIN SIDE MUSCLE			1950	25	12500	1.32	1	1950	39	06/20/2011
3593	0.1	0.72	5	36		2	1	50	BX	5	608588	0	0.72	LB	 66019-1-01	PORK, TRIMMINGS			50	5	50	0.72	0.1	50	5	06/20/2011
3418	31.0667	0	16.78	0		1	1	0.54	LB	16.78	608590	0	-1	LB	 55284-1-01	LAMB, RIB CHOP 4-OZ FR'D CH 	TWO PIECES		0.54	1	1	0	31.0667	0.54	1	06/20/2011
3418	12.3	0	17.22	0		2	1	1.4	PC	17.22	608590	0	-1	LB	 55202-1-01	LAMB, RIB CHOP 1-RIB NZ	SEE SAUL FOR FRZN SAMPLE		1.4	1	1	0	12.3	1.4	1	06/20/2011
3418	0	0	0	0		0	2	0		0	608590	0	0		     0-0-00	MRK BX CAPTAIN JOES/HUNTER			0	0	0	0	0	0	0	06/20/2011
3379	4.9386	0	5.14	6.22		1	1	1.04	PC	5.14	608592	0	5.98	LB	 34587-1-01	BEEF, CULOTTE 8-OZ IND VAC CH			1.04	2	1	5.98	4.9386	1.04	1	06/20/2011
3379	4.9386	0	6.32	7.65		2	1	1.28	PC	6.32	608592	0	5.98	LB	 35409-1-01	BEEF, CULOTTE 10-OZ 1184D CH			1.28	2	1.25	5.98	4.9386	1.28	1	06/20/2011
3379	6.8793	0	7.15	8.62		3	1	1.04	LB	7.15	608592	0	8.29	LB	 38037-1-01	BEEF, TERES MAJOR STEAK 8-OZ	TWO PIECES		1.04	2	2	8.29	6.8793	1.04	1	06/20/2011
3379	6.8793	0	7.84	9.45		4	1	1.14	LB	7.84	608592	0	8.29	LB	 38035-1-01	BEEF, TERES MAJOR STEAK 2-OZ	2 PKG OF 4		1.14	1	1	8.29	6.8793	1.14	1	06/20/2011
3379	9.75	0	133.97	156.36		5	1	13.74	BX	133.97	608592	0	11.38	LB	 35137-1-01	FILET, 3-OZ 1190A 3PK			13.74	1	13.5	11.38	9.75	13.74	1	06/20/2011
3379	0	0	0	0		0	2	0		0	608592	0	0		     0-0-00	MRK BX'S PANOUTSOS/VILLAGE	BAR		0	0	0	0	0	0	0	06/20/2011
3379	5.71	0	73.66	77.53		1	1	12.9	PC	73.66	608593	0	6.01	LB	 39902-1-01	STRIPLOIN, 0X1 BNLS SYP ANGUS			12.9	1	12	6.01	5.71	12.9	1	06/20/2011
3379	5.74	0	86.67	91.2		2	1	15.1	PC	86.67	608593	0	6.04	LB	 39905-1-01	BEEF, RIB EYE 15/UP 112A ANGUS			15.1	1	13	6.04	5.74	15.1	1	06/20/2011
3379	8.54	0	58.07	60.11		3	1	6.8	PC	58.07	608593	0	8.84	LB	 39910-1-01	TENDERS, 5/UP PSMO ANGUS			6.8	1	5	8.84	8.54	6.8	1	06/20/2011
3379	0	0	0	0		0	2	0		0	608593	0	0		     0-0-00	MRK BX KARAMBELAS/JAMESON	CHAR HOUSE		0	0	0	0	0	0	0	06/20/2011
3418	4.24	0	84.8	0		1	1	20	BX	84.8	608597	0	-1	LB	 11365-1-01	BEEF, PATTIES 8-OZ RD KOBE			20	1	20	0	4.24	20	1	06/20/2011
3418	0	0	0	0		0	2	0		0	608597	0	0		     0-0-00	MRK BX PERRYS BURGERS/	KNIGHT		0	0	0	0	0	0	0	06/20/2011
3379	6.3474	0	6.47	7.48		1	1	1.02	LB	6.47	608610	0	7.33	LB	 35543-1-01	BEEF, FLAT IRON STK 8-OZ 114D			1.02	1	1	7.33	6.3474	1.02	1	06/20/2011
3379	0	0	0	0		0	2	0		0	608610	0	0		     0-0-00	MRK BX LADY GREGORY/GERALDINE			0	0	0	0	0	0	0	06/20/2011
3487	1.79	2.5	23.81	33.25		1	1	13.3	PC	23.81	608689	0	2.5	LB	 66387-1-01	PORK, BUTT BNLS			13.3	2	14	2.5	1.79	13.3	1	06/20/2011
3487	3.16	4.2	51.19	68.04		2	1	16.2	PC	51.19	608689	0	4.2	LB	 42256-1-01	BRISKET, FIRST CUT 7/CS CH			16.2	2	6	4.2	3.16	16.2	1	06/20/2011
3487	15.11	17.35	663.32	761.67		3	1	43.9	BX	663.32	608689	0	17.35	LB	 42361-1-01	FILET, 7-OZ 1190 WILDFIRE SEL			43.9	5	43.75	17.35	15.11	43.9	5	06/20/2011
3487	17.6075	20.5	167.62	195.16		4	1	9.52	BX	167.62	608689	0	20.5	LB	 34953-1-01	FILET, 15-OZ BI CH WILDFIRE			9.52	1	9.38	20.5	17.6075	9.52	1	06/20/2011
3487	8	10.85	67.52	91.57		5	1	8.44	BX	67.52	608689	0	10.85	LB	 16818-1-01	STRIPSTK, 14-OZ BNLS VN 1 SIDE			8.44	1	8.75	10.85	8	8.44	1	06/20/2011
3487	2.68	2.92	37.52	40.88		6	1	14	BX	37.52	608689	0	2.92	LB	 43692-1-01	GROUND BEEF, PATTY 4-OZ 80/20			14	1	14	2.92	2.68	14	1	06/20/2011
3487	2.68	2.92	42.88	46.72		7	1	16	BX	42.88	608689	0	2.92	LB	 43695-1-01	GROUND BEEF, PATTY 8-OZ 80/20			16	1	16	2.92	2.68	16	1	06/20/2011
3487	3.82	4.39	57.3	65.85		8	1	15	BX	57.3	608689	0	4.39	LB	 66465-1-01	BACON, 14/17 15# BOX FROZEN			15	1	15	4.39	3.82	15	1	06/20/2011
3487	10.0194	11.6	86.77	100.46		9	1	8.66	BX	86.77	608689	0	11.6	LB	 35959-1-01	BEEF, SKIRT STEAK 14-OZ CC			8.66	1	8.75	11.6	10.0194	8.66	1	06/20/2011
3487	4.55	8.75	39.49	75.95		10	1	8.68	BX	39.49	608689	0	8.75	LB	 31121-1-01	BEEF, RIB CAP MEAT PR			8.68	1	10	8.75	4.55	8.68	1	06/20/2011
3487	2.55	2.75	87.72	94.6		11	1	34.4	PC	87.72	608689	0	2.75	LB	 66634-1-01	PORK, LOIN BNLS LIP OFF			34.4	4	20	2.75	2.55	34.4	1	06/20/2011
3487	0.93	1.02	37.94	41.62		12	1	40.8	BX	37.94	608689	0	1.02	LB	 48504-1-01	BEEF, BONES CUT - MARROW BONES			40.8	1	35	1.02	0.93	40.8	1	06/20/2011
3487	14.59	16.6	29.18	33.2		13	1	2	BX	29.18	608689	0	16.6	BX	 99005-1-01	PEACHES & CREAM CORN 104795			2	2	2	16.6	14.59	2	2	06/20/2011
3487	4.28	4.55	85.6	91		14	1	20	BX	85.6	608689	0	4.55	LB	 66251-1-01	BACON, BITS			20	2	20	4.55	4.28	20	2	06/20/2011
3487	7.35	10.7	103.64	150.87		15	1	14.1	BX	103.64	608689	0	10.7	LB	 36058-1-01	BEEF, P-HOUSE 22-OZ 1" CH			14.1	1	13.75	10.7	7.35	14.1	1	06/20/2011
3487	12.0081	14.4	198.36	237.89		16	1	16.52	BX	198.36	608689	0	14.4	LB	 55256-1-01	LAMB, P-HOUSE 6-OZ NT CH			16.52	3	16.8	14.4	12.0081	16.52	3	06/20/2011
71	14.59	16.6	29.18	33.2		1	1	2	BX	29.18	608690	0	16.6	BX	 99005-1-01	PEACHES & CREAM CORN 104795			2	2	2	16.6	14.59	2	2	06/20/2011
71	9.5655	12.08	231.87	292.82		2	1	24.24	BX	231.87	608690	0	12.08	LB	 35712-1-01	BEEF, RIB CHOP 18/20 OZ BI CH			24.24	2	22.5	12.08	9.5655	24.24	2	06/20/2011
71	10.0194	11.6	260.31	301.37		3	1	25.98	BX	260.31	608690	0	11.6	LB	 35959-1-01	BEEF, SKIRT STEAK 14-OZ CC			25.98	3	26.25	11.6	10.0194	25.98	3	06/20/2011
71	7.35	10.7	101.58	147.87		4	1	13.82	BX	101.58	608690	0	10.7	LB	 36058-1-01	BEEF, P-HOUSE 22-OZ 1" CH			13.82	1	13.75	10.7	7.35	13.82	1	06/20/2011
71	8	10.85	136.96	185.75		5	1	17.12	BX	136.96	608690	0	10.85	LB	 16818-1-01	STRIPSTK, 14-OZ BNLS VN 1 SIDE			17.12	2	17.5	10.85	8	17.12	2	06/20/2011
71	15.11	17.35	381.98	438.61		6	1	25.28	BX	381.98	608690	0	17.35	LB	 42363-1-01	FILET, 10-OZ 1190 WILDFIRE SEL			25.28	2	25	17.35	15.11	25.28	2	06/20/2011
71	9.75	11.25	234.79	270.9		7	1	24.08	BX	234.79	608690	0	11.25	LB	 35170-1-01	FILET, 3-OZ 1190A 3/PK			24.08	2	22.5	11.25	9.75	24.08	2	06/20/2011
71	15.11	17.35	547.28	628.42		8	1	36.22	BX	547.28	608690	0	17.35	LB	 42361-1-01	FILET, 7-OZ 1190 WILDFIRE SEL			36.22	4	35	17.35	15.11	36.22	4	06/20/2011
71	12.0081	14.4	66.04	79.2		9	1	5.5	BX	66.04	608690	0	14.4	LB	 55256-1-01	LAMB, P-HOUSE 6-OZ NT CH			5.5	1	5.6	14.4	12.0081	5.5	1	06/20/2011
71	7	8.5	279.86	339.83		10	1	39.98	BX	279.86	608690	0	8.5	LB	 32247-1-01	BEEF, TENDER TAILS 1190A CH			39.98	3	36	8.5	7	39.98	3	06/20/2011
71	7.5	10.95	77.7	113.44		11	1	10.36	BX	77.7	608690	0	10.95	LB	 34323-1-01	STRIPSTK, 8-OZ CC BNLS 1" CH			10.36	1	10	10.95	7.5	10.36	1	06/20/2011
71	17.6075	20.5	169.03	196.8		12	1	9.6	BX	169.03	608690	0	20.5	LB	 34953-1-01	FILET, 15-OZ BI CH WILDFIRE			9.6	1	9.38	20.5	17.6075	9.6	1	06/20/2011
71	2.68	2.92	85.76	93.44		13	1	32	BX	85.76	608690	0	2.92	LB	 43695-1-01	GROUND BEEF, PATTY 8-OZ 80/20			32	2	32	2.92	2.68	32	2	06/20/2011
71	2.68	2.92	37.52	40.88		14	1	14	BX	37.52	608690	0	2.92	LB	 43692-1-01	GROUND BEEF, PATTY 4-OZ 80/20			14	1	14	2.92	2.68	14	1	06/20/2011
71	3.82	4.39	57.3	65.85		15	1	15	BX	57.3	608690	0	4.39	LB	 66465-1-01	BACON, 14/17 15# BOX FROZEN			15	1	15	4.39	3.82	15	1	06/20/2011
71	4.28	4.55	85.6	91		16	1	20	BX	85.6	608690	0	4.55	LB	 66251-1-01	BACON, BITS			20	2	20	4.55	4.28	20	2	06/20/2011
71	5.53	6.6	485.53	579.48		17	1	87.8	BX	485.53	608690	0	6.6	LB	 31333-1-01	BEEF, RIB EYE 2" 13 1/2 UP CH			87.8	1	67.5	6.6	5.53	87.8	1	06/20/2011
71	3.65	3.95	329.16	356.21		18	1	90.18	BX	329.16	608690	0	3.95	LB	 66512-1-01	PORK, BACKRIBS 1 3/4DN SKD			90.18	3	90	3.95	3.65	90.18	3	06/20/2011
71	2.55	2.75	43.1	46.48		19	1	16.9	PC	43.1	608690	0	2.75	LB	 66634-1-01	PORK, LOIN BNLS LIP OFF			16.9	2	10	2.75	2.55	16.9	1	06/20/2011
71	0.93	1.02	79.61	87.31		20	1	85.6	BX	79.61	608690	0	1.02	LB	 48504-1-01	BEEF, BONES CUT - MARROW BONES			85.6	2	70	1.02	0.93	85.6	2	06/20/2011
71	4.55	8.75	41.04	78.93		21	1	9.02	BX	41.04	608690	0	8.75	LB	 31121-1-01	BEEF, RIB CAP MEAT PR			9.02	1	10	8.75	4.55	9.02	1	06/20/2011
71	1.79	2.5	29.71	41.5		22	1	16.6	PC	29.71	608690	0	2.5	LB	 66387-1-01	PORK, BUTT BNLS			16.6	2	14	2.5	1.79	16.6	1	06/20/2011
71	3.16	4.2	73.31	97.44		23	1	23.2	PC	73.31	608690	0	4.2	LB	 42256-1-01	BRISKET, FIRST CUT 7/CS CH			23.2	3	9	4.2	3.16	23.2	1	06/20/2011
71	10.5	12.95	103.74	127.95		24	1	9.88	BX	103.74	608690	0	12.95	LB	 15553-1-01	BEEF, FILET OF RIB EYE 8-OZ PR			9.88	1	10	12.95	10.5	9.88	1	06/20/2011
955	4.28	4.55	42.8	45.5		1	1	10	BX	42.8	608691	0	4.55	LB	 66251-1-01	BACON, BITS			10	1	10	4.55	4.28	10	1	06/20/2011
955	2.55	2.75	78.54	84.7		2	1	30.8	PC	78.54	608691	0	2.75	LB	 66634-1-01	PORK, LOIN BNLS LIP OFF			30.8	4	20	2.75	2.55	30.8	1	06/20/2011
955	3.82	4.39	57.3	65.85		3	1	15	BX	57.3	608691	0	4.39	LB	 66465-1-01	BACON, 14/17 15# BOX FROZEN			15	1	15	4.39	3.82	15	1	06/20/2011
955	14.59	16.6	14.59	16.6		4	1	1	BX	14.59	608691	0	16.6	BX	 99005-1-01	PEACHES & CREAM CORN 104795			1	1	1	16.6	14.59	1	1	06/20/2011
955	15.11	17.35	566.62	650.63		5	1	37.5	BX	566.62	608691	0	17.35	LB	 42363-1-01	FILET, 10-OZ 1190 WILDFIRE SEL			37.5	3	37.5	17.35	15.11	37.5	3	06/20/2011
955	8	10.85	201.44	273.2		6	1	25.18	BX	201.44	608691	0	10.85	LB	 16818-1-01	STRIPSTK, 14-OZ BNLS VN 1 SIDE			25.18	3	26.25	10.85	8	25.18	3	06/20/2011
955	15.11	17.35	259.28	297.73		7	1	17.16	BX	259.28	608691	0	17.35	LB	 42361-1-01	FILET, 7-OZ 1190 WILDFIRE SEL			17.16	2	17.5	17.35	15.11	17.16	2	06/20/2011
955	7.5	10.95	76.65	111.91		8	1	10.22	BX	76.65	608691	0	10.95	LB	 34323-1-01	STRIPSTK, 8-OZ CC BNLS 1" CH			10.22	1	10	10.95	7.5	10.22	1	06/20/2011
955	9.75	11.25	220.94	254.93		9	1	22.66	BX	220.94	608691	0	11.25	LB	 35170-1-01	FILET, 3-OZ 1190A 3/PK			22.66	2	22.5	11.25	9.75	22.66	2	06/20/2011
955	7	8.5	96.18	116.79		10	1	13.74	BX	96.18	608691	0	8.5	LB	 32247-1-01	BEEF, TENDER TAILS 1190A CH			13.74	1	12	8.5	7	13.74	1	06/20/2011
955	6.95	8.05	133.44	154.56		11	1	19.2	LB	133.44	608691	0	8.05	LB	 44205-1-01	BEEF, BNLS SHORT RIB 123D NVL			19.2	16	16	8.05	6.95	19.2	1	06/20/2011
955	1.79	2.5	30.61	42.75		12	1	17.1	PC	30.61	608691	0	2.5	LB	 66387-1-01	PORK, BUTT BNLS			17.1	2	14	2.5	1.79	17.1	1	06/20/2011
955	3.16	4.2	59.41	78.96		13	1	18.8	PC	59.41	608691	0	4.2	LB	 42256-1-01	BRISKET, FIRST CUT 7/CS CH			18.8	2	6	4.2	3.16	18.8	1	06/20/2011
955	4.55	8.75	42.04	80.85		14	1	9.24	BX	42.04	608691	0	8.75	LB	 31121-1-01	BEEF, RIB CAP MEAT PR			9.24	1	10	8.75	4.55	9.24	1	06/20/2011
955	9.5655	12.08	230.91	291.61		15	1	24.14	BX	230.91	608691	0	12.08	LB	 35712-1-01	BEEF, RIB CHOP 18/20 OZ BI CH			24.14	2	22.5	12.08	9.5655	24.14	2	06/20/2011
955	7.35	10.7	204.03	297.03		16	1	27.76	BX	204.03	608691	0	10.7	LB	 36058-1-01	BEEF, P-HOUSE 22-OZ 1" CH			27.76	2	27.5	10.7	7.35	27.76	2	06/20/2011
955	17.6075	20.5	169.74	197.62		17	1	9.64	BX	169.74	608691	0	20.5	LB	 34953-1-01	FILET, 15-OZ BI CH WILDFIRE			9.64	1	9.38	20.5	17.6075	9.64	1	06/20/2011
955	10.0194	11.6	87.17	100.92		18	1	8.7	BX	87.17	608691	0	11.6	LB	 35959-1-01	BEEF, SKIRT STEAK 14-OZ CC			8.7	1	8.75	11.6	10.0194	8.7	1	06/20/2011
955	12.0081	14.4	64.12	76.9		19	1	5.34	BX	64.12	608691	0	14.4	LB	 55256-1-01	LAMB, P-HOUSE 6-OZ NT CH			5.34	1	5.6	14.4	12.0081	5.34	1	06/20/2011
955	0.93	1.02	42.97	47.12		20	1	46.2	BX	42.97	608691	0	1.02	LB	 48504-1-01	BEEF, BONES CUT - MARROW BONES			46.2	1	35	1.02	0.93	46.2	1	06/20/2011
1033	3.1	3.25	124	130		1	1	40	BX	124	608692	0	3.25	LB	 78119-1-01	GROUND BEEF, GIBSONS			40	4	40	3.25	3.1	40	4	06/20/2011
1033	15.3097	17.45	307.72	350.75		2	1	20.1	BX	307.72	608692	0	17.45	LB	 14229-1-01	STRIPSTK, 16-OZ BI NV CC 1" PR			20.1	2	20	17.45	15.3097	20.1	2	06/20/2011
1033	18.8607	21.6	660.5	756.43		3	1	35.02	BX	660.5	608692	0	21.6	LB	 14119-1-01	STRIPSTK, 19-OZ CC NV 1" PR			35.02	3	35.64	21.6	18.8607	35.02	3	06/20/2011
1033	18.8607	21.6	737.45	844.56		4	1	39.1	BX	737.45	608692	0	21.6	LB	 14114-1-01	STRIPSTK, 13-OZ CC NV 1" PR			39.1	5	40.65	21.6	18.8607	39.1	5	06/20/2011
1033	6.9004	8	71.35	82.72		5	1	10.34	BX	71.35	608692	0	8	LB	 11443-1-01	VEIN STEAK 8-OZ DENUDED PR			10.34	1	30	8	6.9004	10.34	1	06/20/2011
1033	15.3097	17.45	136.26	155.31		6	1	8.9	BX	136.26	608692	0	17.45	LB	 16097-1-01	BEEF, P-HOUSE 48-OZ PR			8.9	1	9	17.45	15.3097	8.9	1	06/20/2011
1033	15.3097	17.45	197.5	225.11		7	1	12.9	BX	197.5	608692	0	17.45	LB	 16067-1-01	BEEF, T-BONE 20-OZ 1" PR			12.9	1	12.5	17.45	15.3097	12.9	1	06/20/2011
1033	15.3097	17.45	748.96	853.65		8	1	48.92	BX	748.96	608692	0	17.45	LB	 16065-1-01	BEEF, P-HOUSE 26-OZ 1" PR			48.92	5	48.75	17.45	15.3097	48.92	5	06/20/2011
1033	5.9136	7.75	159.67	209.25		9	1	27	BX	159.67	608692	0	7.75	LB	 14542-1-01	TOP BUTT CAP (LONDON BROIL) PR			27	2	26	7.75	5.9136	27	2	06/20/2011
1033	14.3395	14.25	249.22	247.67		10	1	17.38	BX	249.22	608692	0	14.25	LB	 12327-1-01	BEEF, 14-OZ OUTER SKIRT PR			17.38	2	21	14.25	14.3395	17.38	2	06/20/2011
4150	29.83	32.95	1541.62	1702.86		1	1	51.68	BX	1541.62	608693	0	32.95	LB	 15298-1-01	FILET, 16-OZ BI PR			51.68	5	50	32.95	29.83	51.68	5	06/20/2011
4150	10.35	11.1	3437.24	3686.31		2	1	332.1	BX	3437.24	608693	0	11.1	LB	 11204-1-01	TENDERS, 6/UP PSMO PR			332.1	4	340	11.1	10.35	332.1	4	06/20/2011
4150	5.85	0	88.92	113.24		3	1	15.2	BX	88.92	608693	0	7.45	LB	 43766-1-01	BEEF, OUTER SKIRTS SKD &			15.2	1	15	7.45	5.85	15.2	1	06/20/2011
688	5.5	6.5	147.4	174.2		1	1	26.8	PC	147.4	608694	0	6.5	LB	 22126-1-01	BEEF, EXPORT RIB 16/UP CAB			26.8	2	32	6.5	5.5	26.8	1	06/20/2011
688	5.9136	6.95	110.94	130.38		2	1	18.76	BX	110.94	608694	0	6.95	LB	 14001-1-01	LONDON BROIL (CULOTTE) 12-18OZ			18.76	2	30	6.95	5.9136	18.76	2	06/20/2011
688	7	9.25	366.52	484.33		3	1	52.36	BX	366.52	608694	0	9.25	LB	 32247-1-01	BEEF, TENDER TAILS 1190A CH			52.36	4	48	9.25	7	52.36	4	06/20/2011
688	17.8676	19.95	274.45	306.43		4	1	15.36	BX	274.45	608694	0	19.95	LB	 35030-1-01	FILET, 12-OZ 1190B TAVERN CH			15.36	1	15	19.95	17.8676	15.36	1	06/20/2011
688	6.5	9.95	133.25	203.98		5	1	20.5	BX	133.25	608694	0	9.95	LB	 35106-1-01	BEEF, TENDER MED 2-OZ			20.5	2	20	9.95	6.5	20.5	2	06/20/2011
688	17.8676	19.95	452.77	505.53		6	1	25.34	BX	452.77	608694	0	19.95	LB	 35028-1-01	FILET, 8-OZ 1190B TAVERN CH			25.34	2	24	19.95	17.8676	25.34	2	06/20/2011
688	17.6075	22.5	186.64	238.5		7	1	10.6	BX	186.64	608694	0	22.5	LB	 35082-1-01	FILET, 16-OZ BI CH			10.6	1	10	22.5	17.6075	10.6	1	06/20/2011
688	16.0167	17.95	202.77	227.25		8	1	12.66	BX	202.77	608694	0	17.95	LB	 14251-1-01	STRIPSTK, 20-OZ BI NV CC 1" PR			12.66	1	12.5	17.95	16.0167	12.66	1	06/20/2011
688	17.4917	19.5	149.38	166.53		9	1	8.54	BX	149.38	608694	0	19.5	LB	 14190-1-01	STRIPSTK, 14-OZ CC NV 1" PR			8.54	1	8.75	19.5	17.4917	8.54	1	06/20/2011
688	17.4917	19.5	389.02	433.68		10	1	22.24	BX	389.02	608694	0	19.5	LB	 14241-1-01	STRIPSTK, 18-OZ CC NV 1" PR			22.24	2	22.5	19.5	17.4917	22.24	2	06/20/2011
688	15.0137	17.25	806.84	927.02		11	1	53.74	BX	806.84	608694	0	17.25	LB	 15717-1-01	BEEF, RIB CHOP 20/22-OZ FRD PR			53.74	4	52.5	17.25	15.0137	53.74	4	06/20/2011
688	5	8.95	126.4	226.26		12	1	25.28	BX	126.4	608694	0	8.95	LB	 15558-1-01	BEEF, RIB EYE 8-OZ 1112 PR			25.28	2	24	8.95	5	25.28	2	06/20/2011
688	2.18	2.85	109	142.5		13	1	50	BX	109	608694	0	2.85	LB	 56832-1-01	VEAL, BONES 2" MARROW			50	1	50	2.85	2.18	50	1	06/20/2011
689	17.6075	22.5	734.23	938.25		1	1	41.7	BX	734.23	608695	0	22.5	LB	 35082-1-01	FILET, 16-OZ BI CH			41.7	4	40	22.5	17.6075	41.7	4	06/20/2011
938	0.93	1.02	47.9	52.53		1	1	51.5	BX	47.9	608696	0	1.02	LB	 48504-1-01	BEEF, BONES CUT - MARROW BONES			51.5	1	35	1.02	0.93	51.5	1	06/20/2011
938	2.55	2.75	105.7	113.99		2	1	41.45	BX	105.7	608696	0	2.75	LB	 66634-1-01	PORK, LOIN BNLS LIP OFF			41.45	1	30	2.75	2.55	41.45	1	06/20/2011
938	4.55	8.75	37.86	72.8		3	1	8.32	BX	37.86	608696	0	8.75	LB	 31121-1-01	BEEF, RIB CAP MEAT PR			8.32	1	10	8.75	4.55	8.32	1	06/20/2011
938	1.79	2.5	25.78	36		4	1	14.4	PC	25.78	608696	0	2.5	LB	 66387-1-01	PORK, BUTT BNLS			14.4	2	14	2.5	1.79	14.4	1	06/20/2011
938	3.16	4.2	53.09	70.56		5	1	16.8	PC	53.09	608696	0	4.2	LB	 42256-1-01	BRISKET, FIRST CUT 7/CS CH			16.8	2	6	4.2	3.16	16.8	1	06/20/2011
938	7.35	10.7	201.83	293.82		6	1	27.46	BX	201.83	608696	0	10.7	LB	 36058-1-01	BEEF, P-HOUSE 22-OZ 1" CH			27.46	2	27.5	10.7	7.35	27.46	2	06/20/2011
938	7	8.5	93.8	113.9		7	1	13.4	BX	93.8	608696	0	8.5	LB	 32247-1-01	BEEF, TENDER TAILS 1190A CH			13.4	1	12	8.5	7	13.4	1	06/20/2011
938	15.11	17.35	547.28	628.42		8	1	36.22	BX	547.28	608696	0	17.35	LB	 42361-1-01	FILET, 7-OZ 1190 WILDFIRE SEL			36.22	4	35	17.35	15.11	36.22	4	06/20/2011
938	10.0194	11.6	339.05	392.54		9	1	33.84	BX	339.05	608696	0	11.6	LB	 35959-1-01	BEEF, SKIRT STEAK 14-OZ CC			33.84	4	35	11.6	10.0194	33.84	4	06/20/2011
938	14.59	16.6	29.18	33.2		10	1	2	BX	29.18	608696	0	16.6	BX	 99005-1-01	PEACHES & CREAM CORN 104795			2	2	2	16.6	14.59	2	2	06/20/2011
2024	17.8676	19.95	442.76	494.36		1	1	24.78	BX	442.76	608697	0	19.95	LB	 35028-1-01	FILET, 8-OZ 1190B TAVERN CH			24.78	2	24	19.95	17.8676	24.78	2	06/20/2011
2024	17.8676	19.5	198.69	216.84		2	1	11.12	BX	198.69	608697	0	19.5	LB	 35213-1-01	FILET, 18-OZ 1190B 437 RUSH CH			11.12	1	11.25	19.5	17.8676	11.12	1	06/20/2011
2024	17.8676	19.5	255.86	279.24		3	1	14.32	BX	255.86	608697	0	19.5	LB	 35212-1-01	FILET, 11-OZ 1190B 437 RUSH CH			14.32	1	13.75	19.5	17.8676	14.32	1	06/20/2011
2024	14	18.5	172.76	228.29		4	1	12.34	BX	172.76	608697	0	18.5	LB	 14115-1-01	STRIPSTK, 10-OZ CC BNLS NV 1"			12.34	1	12.5	18.5	14	12.34	1	06/20/2011
2024	8.4649	12.95	85.83	131.31		5	1	10.14	BX	85.83	608697	0	12.95	LB	 12325-1-01	BEEF, SKIRT STEAK 8-OZ SKN&PND			10.14	1	10	12.95	8.4649	10.14	1	06/20/2011
2024	16.0167	17.5	363.26	396.9		6	1	22.68	BX	363.26	608697	0	17.5	LB	 14168-1-01	STRIPSTK, 18-OZ BI NV CC 1" PR			22.68	2	22.5	17.5	16.0167	22.68	2	06/20/2011
2024	5	8.5	62.9	106.93		7	1	12.58	BX	62.9	608697	0	8.5	LB	 15558-1-01	BEEF, RIB EYE 8-OZ 1112 PR			12.58	1	12	8.5	5	12.58	1	06/20/2011
2024	10.5	13.5	211.68	272.16		8	1	20.16	BX	211.68	608697	0	13.5	LB	 15553-1-01	BEEF, FILET OF RIB EYE 8-OZ PR			20.16	2	20	13.5	10.5	20.16	2	06/20/2011
2024	2.94	3.45	44.1	51.75		9	1	15	BX	44.1	608697	0	3.45	LB	 43703-1-01	GROUND BEEF, PATTY 10-OZ 75/25			15	1	15	3.45	2.94	15	1	06/20/2011
2024	16.5711	17.5	100.75	106.4		10	1	6.08	PC	100.75	608697	0	17.5	LB	 56244-1-01	VEAL, RIB CHOP 14-OZ CC FR'D			6.08	7	6.13	17.5	16.5711	6.08	1	06/20/2011
2024	15.45	0	119.74	143.38		11	1	7.75	BX	119.74	608697	0	18.5	LB	 15711-1-01	BEEF, RIB CHOP 30/32-OZ			7.75	1	8	18.5	15.45	7.75	1	06/20/2011
3691	14.59	16.6	14.59	16.6		1	1	1	BX	14.59	608698	0	16.6	BX	 99005-1-01	PEACHES & CREAM CORN 104795			1	1	1	16.6	14.59	1	1	06/20/2011
3691	15.11	17.35	376.54	432.36		2	1	24.92	BX	376.54	608698	0	17.35	LB	 42363-1-01	FILET, 10-OZ 1190 WILDFIRE SEL			24.92	2	25	17.35	15.11	24.92	2	06/20/2011
3691	4.55	8.75	37.58	72.28		3	1	8.26	BX	37.58	608698	0	8.75	LB	 31121-1-01	BEEF, RIB CAP MEAT PR			8.26	1	10	8.75	4.55	8.26	1	06/20/2011
3691	15.11	17.35	517.97	594.76		4	1	34.28	BX	517.97	608698	0	17.35	LB	 42361-1-01	FILET, 7-OZ 1190 WILDFIRE SEL			34.28	4	35	17.35	15.11	34.28	4	06/20/2011
3691	9.75	11.25	447.92	516.83		5	1	45.94	BX	447.92	608698	0	11.25	LB	 35170-1-01	FILET, 3-OZ 1190A 3/PK			45.94	4	45	11.25	9.75	45.94	4	06/20/2011
3691	9.5655	12.08	229.96	290.4		6	1	24.04	BX	229.96	608698	0	12.08	LB	 35712-1-01	BEEF, RIB CHOP 18/20 OZ BI CH			24.04	2	22.5	12.08	9.5655	24.04	2	06/20/2011
3691	7.35	10.7	104.66	152.37		7	1	14.24	BX	104.66	608698	0	10.7	LB	 36058-1-01	BEEF, P-HOUSE 22-OZ 1" CH			14.24	1	13.75	10.7	7.35	14.24	1	06/20/2011
3691	5.53	6.6	486.64	580.8		8	1	88	BX	486.64	608698	0	6.6	LB	 31333-1-01	BEEF, RIB EYE 2" 13 1/2 UP CH			88	1	67.5	6.6	5.53	88	1	06/20/2011
3691	3.82	4.39	114.6	131.7		9	1	30	BX	114.6	608698	0	4.39	LB	 66465-1-01	BACON, 14/17 15# BOX FROZEN			30	2	30	4.39	3.82	30	2	06/20/2011
3691	10.0194	11.6	443.65	513.65		10	1	44.28	BX	443.65	608698	0	11.6	LB	 35959-1-01	BEEF, SKIRT STEAK 14-OZ CC			44.28	5	43.75	11.6	10.0194	44.28	5	06/20/2011
3691	2.55	2.75	41.31	44.55		11	1	16.2	PC	41.31	608698	0	2.75	LB	 66634-1-01	PORK, LOIN BNLS LIP OFF			16.2	2	10	2.75	2.55	16.2	1	06/20/2011
3691	3.65	3.95	219.98	238.07		12	1	60.27	BX	219.98	608698	0	3.95	LB	 66512-1-01	PORK, BACKRIBS 1 3/4DN SKD			60.27	2	60	3.95	3.65	60.27	2	06/20/2011
3691	2.68	2.92	112.56	122.64		13	1	42	BX	112.56	608698	0	2.92	LB	 43692-1-01	GROUND BEEF, PATTY 4-OZ 80/20			42	3	42	2.92	2.68	42	3	06/20/2011
3691	2.68	2.92	85.76	93.44		14	1	32	BX	85.76	608698	0	2.92	LB	 43695-1-01	GROUND BEEF, PATTY 8-OZ 80/20			32	2	32	2.92	2.68	32	2	06/20/2011
3691	6.95	8.05	141.09	163.42		15	1	20.3	LB	141.09	608698	0	8.05	LB	 44205-1-01	BEEF, BNLS SHORT RIB 123D NVL			20.3	20	20	8.05	6.95	20.3	1	06/20/2011
3691	7.5	10.95	78.45	114.54		16	1	10.46	BX	78.45	608698	0	10.95	LB	 34323-1-01	STRIPSTK, 8-OZ CC BNLS 1" CH			10.46	1	10	10.95	7.5	10.46	1	06/20/2011
3691	1.79	2.5	27.21	38		17	1	15.2	PC	27.21	608698	0	2.5	LB	 66387-1-01	PORK, BUTT BNLS			15.2	2	14	2.5	1.79	15.2	1	06/20/2011
3691	3.16	4.2	53.09	70.56		18	1	16.8	PC	53.09	608698	0	4.2	LB	 42256-1-01	BRISKET, FIRST CUT 7/CS CH			16.8	2	6	4.2	3.16	16.8	1	06/20/2011
3691	9.7811	11.95	96.25	117.59		19	1	9.84	BX	96.25	608698	0	11.95	LB	 34139-1-01	STRIPSTK, 16-OZ CC CH			9.84	1	10	11.95	9.7811	9.84	1	06/20/2011
3691	2.99	3.75	35.88	45		20	1	12	BX	35.88	608698	0	3.75	LB	 44101-1-01	SAUSAGE, CHIPTOLE CHICKEN BULK			12	1	12	3.75	2.99	12	1	06/20/2011
3691	2	4.95	21.36	52.87		21	1	10.68	BX	21.36	608698	0	4.95	LB	 35223-1-01	STRIP, VEIN END WHOLE 1/4" FAT			10.68	1	13	4.95	2	10.68	1	06/20/2011
3691	8.04	0	237.18	264.03		22	1	29.5	PC	237.18	608698	0	8.95	LB	 32208-1-01	TENDERS, 6/UP 189A 12/CS CH			29.5	4	24	8.95	8.04	29.5	1	06/20/2011
3563	6.8294	9.3	497.18	673.4		1	1	72.8	BX	497.18	608699	0	9.25	LB	 14520-1-01	BEEF, TOP BUTT 12-OZ CC PR			72.8	4	72	9.25	6.8294	72.8	4	06/20/2011
67	3.1	3.25	310	325		1	1	100	BX	310	608700	0	3.25	LB	 78119-1-01	GROUND BEEF, GIBSONS			100	10	100	3.25	3.1	100	10	06/20/2011
67	15.1383	17.3	206.49	235.97		2	1	13.64	BX	206.49	608700	0	17.3	LB	 15731-1-01	BEEF, RIB CHOP 20/22-OZ FRD PR			13.64	1	13.13	17.3	15.1383	13.64	1	06/20/2011
67	6.9004	0	102.68	119.04		3	1	14.88	BX	102.68	608700	0	8	LB	 14150-1-01	VEIN STEAK 12OZ DENUDED PR			14.88	1	15	8	6.9004	14.88	1	06/20/2011
865	11.5429	12.75	279.11	308.3		1	1	24.18	PC	279.11	608701	0	12.75	LB	 56602-1-01	VEAL, PORTERHOUSE 12-OZ 14/BX			24.18	30	22.5	12.75	11.5429	24.18	3	06/20/2011
865	17.4917	21.5	449.89	552.98		2	1	25.72	BX	449.89	608701	0	21.5	LB	 14190-1-01	STRIPSTK, 14-OZ CC NV 1" PR			25.72	3	26.25	21.5	17.4917	25.72	3	06/20/2011
3982	10.35	12.3	2498.5	2969.22		1	1	241.4	BX	2498.5	608702	0	12.3	LB	 11204-1-01	TENDERS, 6/UP PSMO PR			241.4	3	255	12.3	10.35	241.4	3	06/20/2011
3982	8.05	9.35	1068.24	1240.75		2	1	132.7	PC	1068.24	608702	0	9.35	LB	 11314-1-01	BEEF, RIB EYE 2" 13 1/2 UP PR			132.7	8	108	9.35	8.05	132.7	2	06/20/2011
3982	17.4917	20.95	540.14	646.94		3	1	30.88	BX	540.14	608702	0	20.95	LB	 14142-1-01	STRIPSTK, 12-OZ CC NV 1" PR			30.88	2	30	20.95	17.4917	30.88	2	06/20/2011
3982	17.4917	20.95	170.37	204.05		4	1	9.74	BX	170.37	608702	0	20.95	LB	 14223-1-01	STRIPSTK, 16-OZ CC BNL NV PR			9.74	1	10	20.95	17.4917	9.74	1	06/20/2011
3982	16.0167	18.75	410.02	480		5	1	25.6	BX	410.02	608702	0	18.75	LB	 14251-1-01	STRIPSTK, 20-OZ BI NV CC 1" PR			25.6	2	25	18.75	16.0167	25.6	2	06/20/2011
3982	13.3333	16.75	271.74	341.37		6	1	20.38	BX	271.74	608702	0	16.75	LB	 16029-1-01	BEEF, T-BONE 16-OZ 1" PR			20.38	2	20	16.75	13.3333	20.38	2	06/20/2011
3982	15.6867	17.5	407.54	454.65		7	1	25.98	BX	407.54	608702	0	17.5	LB	 16017-1-01	BEEF, P-HOUSE 20-OZ 1" PR 			25.98	2	25	17.5	15.6867	25.98	2	06/20/2011
3982	14.2741	17.75	1060.28	1318.47		8	1	74.28	BX	1060.28	608702	0	17.75	LB	 15720-1-01	BEEF, RIB CHOP 22/24-OZ FRD PR			74.28	5	71.88	17.75	14.2741	74.28	5	06/20/2011
3982	16.29	17.95	805.54	887.63		9	1	49.45	BX	805.54	608702	0	17.95	LB	 55064-1-01	LAMB, RACK 8-RIB 14/16-OZ AUST			49.45	2	40	17.95	16.29	49.45	2	06/20/2011
2032	7.94	0	3299.86	3719.62		1	1	415.6	BX	3299.86	608703	0	8.95	LB	 32207-1-01	TENDERS, 5/UP STRAIGHT CS CH	IBP - STRAIGHT CS	HEAVY	415.6	5	400	8.95	7.94	415.6	5	06/20/2011
98	15.0137	17.25	1480.67	1701.2		1	1	98.62	BX	1480.67	608704	0	17.25	LB	 15713-1-01	BEEF, RIB CHOP 18/20-OZ BI PR			98.62	8	95	17.25	15.0137	98.62	8	06/20/2011
98	10.35	11.95	1648.76	1903.64		2	1	159.3	BX	1648.76	608704	0	11.95	LB	 11204-1-01	TENDERS, 6/UP PSMO PR			159.3	2	170	11.95	10.35	159.3	2	06/20/2011
3762	17.8676	0	1133.87	1348.53		1	1	63.46	BX	1133.87	608705	0	21.25	LB	 35113-1-01	FILET,7-OZ 1190B TAVERN CH			63.46	6	63	21.25	17.8676	63.46	6	06/20/2011
3762	17.8676	0	537.82	639.63		2	1	30.1	BX	537.82	608705	0	21.25	LB	 35221-1-01	FILET, 10-OZ 1190B 437 RUSH CH			30.1	2	30	21.25	17.8676	30.1	2	06/20/2011
3762	5.5	0	3599.75	3959.73		3	1	654.5	BX	3599.75	608705	0	6.05	LB	 22126-1-01	BEEF, EXPORT RIB 16/UP CAB			654.5	8	544	6.05	5.5	654.5	8	06/20/2011
3710	15.6867	17.5	202.67	226.1		1	1	12.92	BX	202.67	608706	0	17.5	LB	 16017-1-01	BEEF, P-HOUSE 20-OZ 1" PR 			12.92	1	12.5	17.5	15.6867	12.92	1	06/20/2011
3710	10.35	12.3	4225.91	5022.09		1	1	408.3	BX	4225.91	608707	0	12.3	LB	 11204-1-01	TENDERS, 6/UP PSMO PR			408.3	5	425	12.3	10.35	408.3	5	06/20/2011
3710	8.05	9.35	1308.93	1520.31		2	1	162.6	BX	1308.93	608707	0	9.35	LB	 11314-1-01	BEEF, RIB EYE 2" 13 1/2 UP PR			162.6	2	135	9.35	8.05	162.6	2	06/20/2011
3710	17.4917	20.95	795.17	952.39		3	1	45.46	BX	795.17	608707	0	20.95	LB	 14142-1-01	STRIPSTK, 12-OZ CC NV 1" PR			45.46	3	45	20.95	17.4917	45.46	3	06/20/2011
3710	16.0167	18.75	609.27	713.25		4	1	38.04	BX	609.27	608707	0	18.75	LB	 14251-1-01	STRIPSTK, 20-OZ BI NV CC 1" PR			38.04	3	37.5	18.75	16.0167	38.04	3	06/20/2011
3710	15.6867	17.5	202.04	225.4		5	1	12.88	BX	202.04	608707	0	17.5	LB	 16017-1-01	BEEF, P-HOUSE 20-OZ 1" PR 			12.88	1	12.5	17.5	15.6867	12.88	1	06/20/2011
3710	14.2741	17.75	433.08	538.54		6	1	30.34	BX	433.08	608707	0	17.75	LB	 15720-1-01	BEEF, RIB CHOP 22/24-OZ FRD PR			30.34	2	28.75	17.75	14.2741	30.34	2	06/20/2011
3710	15.6	17.95	719.94	828.39		7	1	46.15	BX	719.94	608707	0	17.95	LB	 55055-1-01	LAMB, RACK 8-RIB 14/16-OZ FRD			46.15	2	37.5	17.95	15.6	46.15	2	06/20/2011
893	10.35	12.3	6782.37	8060.19		1	1	655.3	BX	6782.37	608708	0	12.3	LB	 11204-1-01	TENDERS, 6/UP PSMO PR			655.3	8	680	12.3	10.35	655.3	8	06/20/2011
893	8.05	9.35	836.4	971.47		2	1	103.9	PC	836.4	608708	0	9.35	LB	 11314-1-01	BEEF, RIB EYE 2" 13 1/2 UP PR			103.9	6	81	9.35	8.05	103.9	2	06/20/2011
893	17.4917	20.95	262.73	314.67		3	1	15.02	BX	262.73	608708	0	20.95	LB	 14142-1-01	STRIPSTK, 12-OZ CC NV 1" PR			15.02	1	15	20.95	17.4917	15.02	1	06/20/2011
893	17.4917	20.95	172.12	206.15		4	1	9.84	BX	172.12	608708	0	20.95	LB	 14223-1-01	STRIPSTK, 16-OZ CC BNL NV PR			9.84	1	10	20.95	17.4917	9.84	1	06/20/2011
893	16.0167	18.75	412.59	483		5	1	25.76	BX	412.59	608708	0	18.75	LB	 14251-1-01	STRIPSTK, 20-OZ BI NV CC 1" PR			25.76	2	25	18.75	16.0167	25.76	2	06/20/2011
893	13.3333	16.75	134.13	168.51		6	1	10.06	BX	134.13	608708	0	16.75	LB	 16029-1-01	BEEF, T-BONE 16-OZ 1" PR			10.06	1	10	16.75	13.3333	10.06	1	06/20/2011
893	15.6867	17.5	202.04	225.4		7	1	12.88	BX	202.04	608708	0	17.5	LB	 16017-1-01	BEEF, P-HOUSE 20-OZ 1" PR 			12.88	1	12.5	17.5	15.6867	12.88	1	06/20/2011
893	14.2741	17.75	218.11	271.22		8	1	15.28	BX	218.11	608708	0	17.75	LB	 15720-1-01	BEEF, RIB CHOP 22/24-OZ FRD PR			15.28	1	14.38	17.75	14.2741	15.28	1	06/20/2011
893	4.6143	6.5	50.67	71.37		9	1	10.98	BX	50.67	608708	0	6.5	LB	 66137-1-01	PORK, CHOP 14-OZ CC FR'D			10.98	1	10.5	6.5	4.6143	10.98	1	06/20/2011
893	16.29	17.95	396.5	436.9		10	1	24.34	BX	396.5	608708	0	17.95	LB	 55064-1-01	LAMB, RACK 8-RIB 14/16-OZ AUST			24.34	1	20	17.95	16.29	24.34	1	06/20/2011
3988	12.5	0	178.5	221.34		1	1	14.28	BX	178.5	608711	0	15.5	LB	 15229-1-01	FILET, 6-OZ 1190A 1ST CUT PR			14.28	1	13.5	15.5	12.5	14.28	1	06/20/2011
4168	2.49	3.65	69.05	101.21		1	1	27.73	BX	69.05	608712	0	3.65	LB	 66355-1-01	PORK, BELLIE RIND OFF 2/BX			27.73	1	15	3.65	2.49	27.73	1	06/20/2011
4168	1.79	2.6	27.75	40.3		2	1	15.5	LB	27.75	608712	0	2.6	LB	 66387-1-01	PORK, BUTT BNLS			15.5	15	15	2.6	1.79	15.5	1	06/20/2011
3099	19.3808	22.75	868.26	1019.2		1	1	44.8	BX	868.26	608713	0	22.75	LB	 35286-1-01	FILET, 12-OZ 1190B BARREL CUT			44.8	3	45	22.75	19.3808	44.8	3	06/20/2011
3099	15.0137	17.5	198.78	231.7		2	1	13.24	BX	198.78	608713	0	17.5	LB	 15717-1-01	BEEF, RIB CHOP 20/22-OZ FRD PR			13.24	1	13.13	17.5	15.0137	13.24	1	06/20/2011
3099	10.5	14.95	209.79	298.7		3	1	19.98	BX	209.79	608713	0	14.95	LB	 15553-1-01	BEEF, FILET OF RIB EYE 8-OZ PR			19.98	2	20	14.95	10.5	19.98	2	06/20/2011
3099	17.8676	22.75	1077.41	1371.83		4	1	60.3	BX	1077.41	608713	0	22.75	LB	 35336-1-01	FILET, 8-OZ 1190B CC 6/PK CH			60.3	5	60	22.75	17.8676	60.3	5	06/20/2011
3099	16.5711	17.5	169.36	178.85		5	1	10.22	BX	169.36	608713	0	17.5	LB	 56260-1-01	VEAL, RIB CHOP 16-OZ CC FR'D			10.22	1	10	17.5	16.5711	10.22	1	06/20/2011
3099	12.0081	14.95	151.54	188.67		6	1	12.62	BX	151.54	608713	0	14.95	LB	 55263-1-01	LAMB, P-HOUSE 10-OZ NO TL CH			12.62	2	12.5	14.95	12.0081	12.62	2	06/20/2011
3099	17.4917	19.95	206.05	235.01		7	1	11.78	BX	206.05	608713	0	19.95	LB	 14041-1-01	STRIPSTK, 16-OZ CC BNL NV PR			11.78	1	12	19.95	17.4917	11.78	1	06/20/2011
3099	15.6867	17.5	201.73	225.05		8	1	12.86	BX	201.73	608713	0	17.5	LB	 16020-1-01	BEEF, P-HOUSE 40-OZ 1" PR			12.86	1	12.5	17.5	15.6867	12.86	1	06/20/2011
3099	13.7	15.5	63.02	71.3		9	1	4.6	PC	63.02	608713	0	0	LB	 32224-1-01	TENDERS, 4-5# NOT OVER 5#			4.6	1	4	15.5	13.7	4.6	1	06/20/2011
4075	23.0523	0	361.46	435.12		1	1	15.68	BX	361.46	608714	0	27.75	LB	 15070-1-01	FILET, 12-OZ 1190B SK/S OFF			15.68	1	15	27.75	23.0523	15.68	1	06/20/2011
4075	17.6075	0	183.82	224.46		2	1	10.44	BX	183.82	608714	0	21.5	LB	 35082-1-01	FILET, 16-OZ BI CH			10.44	1	10	21.5	17.6075	10.44	1	06/20/2011
4075	12.1227	14.25	120.5	141.65		3	1	9.94	BX	120.5	608714	0	14.25	LB	 24223-1-01	STRIPSTK, 16-OZ BNLS CC 1" CAB			9.94	1	10	14.25	12.1227	9.94	1	06/20/2011
4075	16.0167	17.75	181.63	201.29		4	1	11.34	BX	181.63	608714	0	17.75	LB	 14168-1-01	STRIPSTK, 18-OZ BI NV CC 1" PR			11.34	1	11.25	17.75	16.0167	11.34	1	06/20/2011
3217	7.0823	0	363.18	413.32		1	1	51.28	BX	363.18	608715	0	8.06	LB	 42238-1-01	TENDERS, 3/UP 190A COMMERCIAL			51.28	4	64	8.06	7.0823	51.28	4	06/20/2011
3217	5.28	0	1857	1966		2	1	351.7	BX	1857	608715	0	5.59	LB	 31302-1-01	BEEF, RIB EYE 15/UP 2" LIP CH			351.7	22	286	5.59	5.28	351.7	22	06/20/2011
3217	1.5	0	300	1086		3	1	200	BX	300	608715	0	5.43	LB	 42258-1-01	BEEF, TENDERLOIN PIECES			200	20	200	5.43	1.5	200	20	06/20/2011
3217	5.18	0	834.5	1126.09		4	1	161.1	BX	834.5	608715	0	6.99	LB	 31350-1-01	BEEF, RIB EYE 15/UP 2" LIP CH			161.1	2	150	6.99	5.18	161.1	2	06/20/2011
3217	7.5	0	222	285.34		5	1	29.6	BX	222	608715	0	9.64	LB	 34154-1-01	STRIPSTK, 12-OZ CC BNL 1" CH			29.6	2	30	9.64	7.5	29.6	2	06/20/2011
3217	15.11	0	910.22	1046.37		6	1	60.24	BX	910.22	608715	0	17.37	LB	 42315-1-01	FILET, 6-OZ 1190A E/E SEL			60.24	6	58.5	17.37	15.11	60.24	6	06/20/2011
3217	5	0	483.7	764.25		7	1	96.74	BX	483.7	608715	0	7.9	LB	 34234-1-01	STRIPSTK, 12-OZ CC NV CH			96.74	11	99	7.9	5	96.74	11	06/20/2011
3217	5.8301	0	173.86	257.05		8	1	29.82	BX	173.86	608715	0	8.62	LB	 34589-1-01	BEEF,10-OZ CULOTTE 2/PKG 1184D			29.82	3	30	8.62	5.8301	29.82	3	06/20/2011
3672	4.1294	0	85.48	119.03		1	1	20.7	PC	85.48	608716	0	5.75	LB	 66055-1-01	PORK, 8-OZ CHOP BONELESS	2/BX		20.7	40	20	5.75	4.1294	20.7	2	06/20/2011
3672	15.11	0	162.28	186.34		2	1	10.74	PC	162.28	608716	0	17.35	LB	 42362-1-01	FILET, 8-OZ 1190 WILDFIRE SEL	2/BX		10.74	20	10	17.35	15.11	10.74	1	06/20/2011
3672	0	0	0	0		0	2	0		0	608716	0	0		     0-0-00		PACK IN SMALL PLAIN BXS		0	0	0	0	0	0	0	06/20/2011
3060	2.5	0	115.05	219.06		1	1	46.02	BX	115.05	608717	0	4.76	LB	 42274-1-01	BEEF, PEPPER STK STRIP/RIB EYE			46.02	4	40	4.76	2.5	46.02	4	06/20/2011
3060	3.5	0	388.5	669.33		2	1	111	BX	388.5	608717	0	6.03	LB	 34298-1-01	STRIPSTK, VEIN IN 6-OZ FROZEN			111	10	105	6.03	3.5	111	10	06/20/2011
3060	2.35	0	863.61	1627.98		3	1	367.49	BX	863.61	608717	0	4.43	LB	 43754-1-01	BEEF, STRIP JULIENNE FROZEN			367.49	24	360	4.43	2.35	367.49	24	06/20/2011
3060	3.4737	0	416.88	538.8		4	1	120	BX	416.88	608717	0	4.49	LB	 43732-1-01	BEEF, STEW 1" FROZEN			120	12	120	4.49	3.4737	120	12	06/20/2011
3060	3.5	0	420.91	725.17		5	1	120.26	BX	420.91	608717	0	6.03	LB	 36831-1-01	BEEF, VEIN STK 12-OZ CH			120.26	10	120	6.03	3.5	120.26	10	06/20/2011
3060	3.5	0	181.09	311.99		6	1	51.74	BX	181.09	608717	0	6.03	LB	 36826-1-01	BEEF, STRIP LOIN STK 8-OZ CH			51.74	5	50	6.03	3.5	51.74	5	06/20/2011
3243	7.5	0	1124.25	1274.15		1	1	149.9	BX	1124.25	608718	0	8.5	LB	 34162-1-01	STRIPSTK, 12-OZ 1180A CC CH			149.9	14	147	8.5	7.5	149.9	14	06/20/2011
1822	5	8.95	636.4	1139.16		1	1	127.28	BX	636.4	608721	0	8.95	LB	 15558-1-01	BEEF, RIB EYE 8-OZ 1112 PR			127.28	10	120	8.95	5	127.28	10	06/20/2011
1822	14.34	0	552.09	614.08		2	1	38.5	BX	552.09	608721	0	15.95	LB	 55020-1-01	LAMB, RACK 8-RIB 24/26-OZ			38.5	2	65	15.95	14.34	38.5	2	06/20/2011
1822	15.9955	0	137.24	158.73		3	1	8.58	BX	137.24	608721	0	18.5	LB	 14189-1-01	STRIPSTK, 14-OZ CC 1" PR			8.58	1	8.75	18.5	15.9955	8.58	1	06/20/2011
1822	17.8676	19.5	658.6	718.77		4	1	36.86	BX	658.6	608721	0	19.5	LB	 35028-1-01	FILET, 8-OZ 1190B TAVERN CH			36.86	3	36	19.5	17.8676	36.86	3	06/20/2011
3671	8.9	10.95	144.18	177.39		1	1	16.2	BX	144.18	608723	0	10.95	LB	 34172-1-01	STRIPSTK, 13-OZ CC BNLS 1" PM			16.2	2	16.25	10.95	8.9	16.2	2	06/20/2011
3671	10.5888	12.95	124.74	152.55		2	1	11.78	BX	124.74	608723	0	12.95	LB	 35713-1-01	BEEF, RIB CHOP 18OZ CH PM			11.78	1	12.5	12.95	10.5888	11.78	1	06/20/2011
3671	6.9004	0	69.42	80.48		3	1	10.06	BX	69.42	608723	0	8	LB	 11443-1-01	VEIN STEAK 8-OZ DENUDED PR			10.06	1	30	8	6.9004	10.06	1	06/20/2011
3671	3.1	3.25	124	130		4	1	40	BX	124	608723	0	3.25	LB	 78119-1-01	GROUND BEEF, GIBSONS			40	4	40	3.25	3.1	40	4	06/20/2011
341	4.6143	0	191.72	286.7		1	1	41.55	PC	191.72	608724	0	6.9	LB	 65876-1-01	PORK, 10-OZ RIB CHOP CC FRNCHD			41.55	65	40.63	6.9	4.6143	41.55	4	06/20/2011
341	11.1414	0	242.66	260.92		2	1	21.78	BX	242.66	608724	0	11.98	LB	 35960-1-01	BEEF, OUTER SKIRT STEAK 12-OZ			21.78	2	21	11.98	11.1414	21.78	2	06/20/2011
341	6.36	8.1	217.51	277.02		3	1	34.2	PC	217.51	608724	0	8.1	LB	 21410-1-01	STRIPLOIN, 0X1 BNL 1/4" CAB			34.2	3	30	8.1	6.36	34.2	1	06/20/2011
341	5.68	6.95	56.8	69.5		4	1	10	BX	56.8	608724	0	6.95	LB	 66425-1-01	BACON, NUESKE 16/20 #2174			10	1	10	6.95	5.68	10	1	06/20/2011
3801	15.3097	17.45	152.48	173.8		1	1	9.96	BX	152.48	608725	0	17.45	LB	 14229-1-01	STRIPSTK, 16-OZ BI NV CC 1" PR			9.96	1	10	17.45	15.3097	9.96	1	06/20/2011
3801	6.5	6.95	246.48	263.54		2	1	37.92	BX	246.48	608725	0	6.95	LB	 34963-1-01	BEEF, TENDER MED 2.5-OZ			37.92	3	37.5	6.95	6.5	37.92	3	06/20/2011
3801	3.1	3.25	93	97.5		3	1	30	BX	93	608725	0	3.25	LB	 78119-1-01	GROUND BEEF, GIBSONS			30	3	30	3.25	3.1	30	3	06/20/2011
3801	6.9004	8	69.42	80.48		4	1	10.06	BX	69.42	608725	0	8	LB	 11443-1-01	VEIN STEAK 8-OZ DENUDED PR			10.06	1	30	8	6.9004	10.06	1	06/20/2011
4136	15.3097	17.45	151.26	172.41		1	1	9.88	BX	151.26	608726	0	17.45	LB	 14229-1-01	STRIPSTK, 16-OZ BI NV CC 1" PR			9.88	1	10	17.45	15.3097	9.88	1	06/20/2011
4136	16.1993	18.75	134.78	156		2	1	8.32	BX	134.78	608726	0	18.75	LB	 35067-1-01	FILET, 14-OZ 1190			8.32	1	8.75	18.75	16.1993	8.32	1	06/20/2011
4136	3.1	3.25	93	97.5		3	1	30	BX	93	608726	0	3.25	LB	 78119-1-01	GROUND BEEF, GIBSONS			30	3	30	3.25	3.1	30	3	06/20/2011
4136	6.5	6.95	68.12	72.84		4	1	10.48	BX	68.12	608726	0	6.95	LB	 35106-1-01	BEEF, TENDER MED 2-OZ			10.48	1	10	6.95	6.5	10.48	1	06/20/2011
748	15.1383	17.3	1617.39	1848.33		1	1	106.84	BX	1617.39	608727	0	17.3	LB	 15731-1-01	BEEF, RIB CHOP 20/22-OZ FRD PR			106.84	8	105	17.3	15.1383	106.84	8	06/20/2011
748	16.1993	18.75	1704.49	1972.88		2	1	105.22	BX	1704.49	608727	0	18.75	LB	 35002-1-01	FILET, 10-OZ 1190			105.22	7	105	18.75	16.1993	105.22	7	06/20/2011
748	16.1993	18.75	537.16	621.75		3	1	33.16	BX	537.16	608727	0	18.75	LB	 35067-1-01	FILET, 14-OZ 1190			33.16	4	35	18.75	16.1993	33.16	4	06/20/2011
748	15.3097	17.45	274.35	312.7		4	1	17.92	BX	274.35	608727	0	17.45	LB	 16097-1-01	BEEF, P-HOUSE 48-OZ PR			17.92	2	18	17.45	15.3097	17.92	2	06/20/2011
748	18.8607	21.6	1198.42	1372.46		5	1	63.54	BX	1198.42	608727	0	21.6	LB	 14114-1-01	STRIPSTK, 13-OZ CC NV 1" PR			63.54	8	65.04	21.6	18.8607	63.54	8	06/20/2011
748	14.3395	14.25	374.55	372.21		6	1	26.12	BX	374.55	608727	0	14.25	LB	 12327-1-01	BEEF, 14-OZ OUTER SKIRT PR			26.12	3	31.5	14.25	14.3395	26.12	3	06/20/2011
748	15.3097	17.45	598.61	682.3		7	1	39.1	BX	598.61	608727	0	17.45	LB	 16065-1-01	BEEF, P-HOUSE 26-OZ 1" PR			39.1	4	39	17.45	15.3097	39.1	4	06/20/2011
748	6.9004	8	284.58	329.92		8	1	41.24	BX	284.58	608727	0	8	LB	 11443-1-01	VEIN STEAK 8-OZ DENUDED PR			41.24	4	120	8	6.9004	41.24	4	06/20/2011
748	3.1	3.25	248	260		9	1	80	BX	248	608727	0	3.25	LB	 78119-1-01	GROUND BEEF, GIBSONS			80	8	80	3.25	3.1	80	8	06/20/2011
3023	2	2.6	40	59		1	1	20	BX	40	608728	0	2.95	LB	 66010-1-01	PORK, STEW FROZEN			20	2	20	2.95	2	20	2	06/20/2011
3023	3.78	0	37.8	46.5		2	1	10	BX	37.8	608728	0	4.65	LB	 44168-1-01	FRANKS, 8/1 VIENNA 1328			10	1	10	4.65	3.78	10	1	06/20/2011
3023	1.79	2.6	27.57	40.04		3	1	15.4	LB	27.57	608728	0	2.6	LB	 66387-1-01	PORK, BUTT BNLS			15.4	15	15	2.6	1.79	15.4	1	06/20/2011
4170	29.83	0	573.92	631.07		1	1	19.24	BX	573.92	608730	0	32.8	LB	 15333-1-01	FILET, 12-OZ BI PR ROUNDYS			19.24	2	18	32.8	29.83	19.24	2	06/20/2011
4170	23.0523	0	269.71	309.47		2	1	11.7	BX	269.71	608730	0	26.45	LB	 15254-1-01	FILET, 8-OZ 1190B SK/S OFF			11.7	2	12	26.45	23.0523	11.7	2	06/20/2011
4170	23.0523	0	347.62	398.87		3	1	15.08	BX	347.62	608730	0	26.45	LB	 15027-1-01	FILET, 10-OZ 1190B SK/S OFF			15.08	2	24	26.45	23.0523	15.08	2	06/20/2011
4170	16.0167	0	350.76	373.29		4	1	21.9	BX	350.76	608730	0	17.045	LB	 14166-1-01	STRIPSTK, 14-OZ BI NV CC PR			21.9	2	21	17.045	16.0167	21.9	2	06/20/2011
4170	10.5	0	213.78	295.22		5	1	20.36	BX	213.78	608730	0	14.5	LB	 15752-1-01	BEEF, RIB CHOP 16OZ PR CAP OFF			20.36	2	20	14.5	10.5	20.36	2	06/20/2011
4170	17.1363	0	126.81	146.15		6	1	7.4	BX	126.81	608730	0	19.75	LB	 14105-1-01	STRIPSTK, 10-OZ MANHATTAN CUT			7.4	1	7.5	19.75	17.1363	7.4	1	06/20/2011
4141	2	0	755.65	755.65		1	1	317.5	BX	755.65	608735	0	2.38	LB	  1806-1-01	BEEF, CHUCK ROLL PR NECK OFF			317.5	5	300	2.38	2	317.5	5	06/20/2011
4141	1.8	0	641.47	641.47		2	1	308.4	BX	641.47	608735	0	2.08	LB	  2299-1-01	BEEF, BRISKET BNLS PRIME			308.4	5	350	2.08	1.8	308.4	5	06/20/2011
1466	18.3642	18.9	272.89	280.85		1	1	14.86	BX	272.89	608736	0	18.9	LB	 14254-1-01	STRIPSTK, 20-OZ CC NV 1/2" PR			14.86	1	15	18.9	18.3642	14.86	1	06/20/2011
1466	18.3642	18.93	561.95	579.26		2	1	30.6	BX	561.95	608736	0	18.93	LB	 16061-1-01	BEEF, P-HOUSE 24-OZ 1/2" PR			30.6	2	30	18.93	18.3642	30.6	2	06/20/2011
1466	16.8083	17.69	783.6	824.71		3	1	46.62	BX	783.6	608736	0	17.69	LB	 35237-1-01	FILET, 12-OZ 1190 FC CH			46.62	3	45	17.69	16.8083	46.62	3	06/20/2011
1466	13.4726	14.7	815.91	890.23		4	1	60.56	BX	815.91	608736	0	14.7	LB	 15529-1-01	BEEF, RIB EYE 16-OZ 1112 PR			60.56	4	60	14.7	13.4726	60.56	4	06/20/2011
1466	16.8083	17.69	1096.91	1154.45		5	1	65.26	BX	1096.91	608736	0	17.69	LB	 35242-1-01	FILET, 8 1/4 - 8 3/4 24/BX FC			65.26	5	63.75	17.69	16.8083	65.26	5	06/20/2011
1466	2.83	3.82	90.56	122.24		6	1	32	BX	90.56	608736	0	3.82	LB	 11361-1-01	GROUND BEEF, 8/2# BULK 75/25			32	2	32	3.82	2.83	32	2	06/20/2011
1466	3.37	3.73	50.55	55.95		7	1	15	BX	50.55	608736	0	3.73	LB	 66468-1-01	BACON, 18/22 SYP 15# GRILL RDY			15	1	15	3.73	3.37	15	1	06/20/2011
1466	2.74	3.1	82.2	93		8	1	30	BX	82.2	608736	0	3.1	LB	 66405-1-01	BACON, GUSTO BRAND 15# BX			30	2	30	3.1	2.74	30	2	06/20/2011
1466	8.5149	9.42	219.68	243.04		9	1	25.8	PC	219.68	608736	0	9.42	LB	 10009-1-01	BEEF, EXPORT RIB 5 BONE PR			25.8	2	26	9.42	8.5149	25.8	1	06/20/2011
1466	14.5375	15.68	655.65	707.17		10	1	45.1	BX	655.65	608736	0	15.68	LB	 15726-1-01	BEEF, RIB CHOP 22/24-OZ FRD PR			45.1	3	43.13	15.68	14.5375	45.1	3	06/20/2011
1466	17.6075	25.29	183.12	263.02		11	1	10.4	BX	183.12	608736	0	25.29	LB	 34442-1-01	FILET, 16-OZ BI CH MORTONS			10.4	1	10	25.29	17.6075	10.4	1	06/20/2011
1466	0	4.5	0	4.5		12	1	1	BX	0	608736	0	4.5	BX	 78063-1-01	LOBSTER, TAIL 7/8-OZ WEST AUST			1	1	1	4.5	0	1	1	06/20/2011
3149	18.3642	18.9	1658.28	1706.67		1	1	90.3	BX	1658.28	608738	0	18.9	LB	 14254-1-01	STRIPSTK, 20-OZ CC NV 1/2" PR			90.3	6	90	18.9	18.3642	90.3	6	06/20/2011
3149	18.3642	18.93	1396.06	1439.06		2	1	76.02	BX	1396.06	608738	0	18.93	LB	 16061-1-01	BEEF, P-HOUSE 24-OZ 1/2" PR			76.02	5	75	18.93	18.3642	76.02	5	06/20/2011
3149	18.3642	18.93	330.19	340.36		3	1	17.98	BX	330.19	608738	0	18.93	LB	 16084-1-01	BEEF, P-HOUSE 48-OZ MORTON PR			17.98	2	18	18.93	18.3642	17.98	2	06/20/2011
3149	16.8083	17.69	1552.42	1633.85		4	1	92.36	BX	1552.42	608738	0	17.69	LB	 35237-1-01	FILET, 12-OZ 1190 FC CH			92.36	6	90	17.69	16.8083	92.36	6	06/20/2011
3149	13.4726	14.7	1838.46	2005.96		5	1	136.46	BX	1838.46	608738	0	14.7	LB	 15529-1-01	BEEF, RIB EYE 16-OZ 1112 PR			136.46	9	135	14.7	13.4726	136.46	9	06/20/2011
3149	5	7.85	122.3	192.01		6	1	24.46	BX	122.3	608738	0	7.85	LB	 15567-1-01	BEEF, RIB EYE 8-10 OZ MORTON			24.46	2	26.5	7.85	5	24.46	2	06/20/2011
3149	25.9497	27.29	675.21	710.09		7	1	26.02	BX	675.21	608738	0	27.29	LB	 55285-1-01	LAMB, RIB CHOP 6-OZ FRD CH			26.02	2	24.75	27.29	25.9497	26.02	2	06/20/2011
3149	5	7.81	265.7	415.02		8	1	53.14	BX	265.7	608738	0	7.81	LB	 32253-1-01	BEEF, TENDER TAIL 1190A CHOICE			53.14	4	48	7.81	5	53.14	4	06/20/2011
3149	13.7	15.47	711.03	802.89		9	1	51.9	PC	711.03	608738	0	15.47	LB	 32224-1-01	TENDERS, 4-5# NOT OVER 5#			51.9	12	48	15.47	13.7	51.9	1	06/20/2011
3149	16.8083	17.69	3944.23	4151.14		10	1	234.66	BX	3944.23	608738	0	17.69	LB	 35242-1-01	FILET, 8 1/4 - 8 3/4 24/BX FC			234.66	18	229.5	17.69	16.8083	234.66	18	06/20/2011
3149	8.074	8.96	119.5	132.61		11	1	14.8	PC	119.5	608738	0	8.96	LB	 11313-1-01	BEEF, RIB EYE 12/15 2"LIP PR			14.8	1	15	8.96	8.074	14.8	1	06/20/2011
3149	2.83	3.82	226.4	305.6		12	1	80	BX	226.4	608738	0	3.82	LB	 11361-1-01	GROUND BEEF, 8/2# BULK 75/25			80	5	80	3.82	2.83	80	5	06/20/2011
3149	3.37	3.73	101.1	111.9		13	1	30	BX	101.1	608738	0	3.73	LB	 66468-1-01	BACON, 18/22 SYP 15# GRILL RDY			30	2	30	3.73	3.37	30	2	06/20/2011
3149	2.74	3.1	123.3	139.5		14	1	45	BX	123.3	608738	0	3.1	LB	 66405-1-01	BACON, GUSTO BRAND 15# BX			45	3	45	3.1	2.74	45	3	06/20/2011
3149	8.5149	9.42	241.82	267.53		15	1	28.4	PC	241.82	608738	0	9.42	LB	 10009-1-01	BEEF, EXPORT RIB 5 BONE PR			28.4	2	26	9.42	8.5149	28.4	1	06/20/2011
3149	46.95	57	46.95	57		16	1	1	BX	46.95	608738	0	57	BX	 99900-1-01	PEACH PAPER - BY THE CASE			1	1	1	57	46.95	1	1	06/20/2011
3149	14.5375	15.68	1725.02	1860.59		17	1	118.66	BX	1725.02	608738	0	15.68	LB	 15726-1-01	BEEF, RIB CHOP 22/24-OZ FRD PR			118.66	8	115	15.68	14.5375	118.66	8	06/20/2011
3149	17.6075	25.29	1095.19	1573.04		18	1	62.2	BX	1095.19	608738	0	25.29	LB	 34442-1-01	FILET, 16-OZ BI CH MORTONS			62.2	6	60	25.29	17.6075	62.2	6	06/20/2011
3149	0	4.5	0	9		19	1	2	BX	0	608738	0	4.5	BX	 78063-1-01	LOBSTER, TAIL 7/8-OZ WEST AUST			2	2	2	4.5	0	2	2	06/20/2011
3149	0	6.3	0	12.6		20	1	2	BX	0	608738	0	6.3	BX	 77002-1-01	CHILEAN SEA BASS			2	2	2	6.3	0	2	2	06/20/2011
3149	18.3642	18.9	835.94	860.33		21	1	45.52	BX	835.94	608738	0	18.9	LB	 14161-1-01	STRIPSTK, 12-OZ CC NV 1/2" PR			45.52	3	45	18.9	18.3642	45.52	3	06/20/2011
3149	0	4.5	0	22.5		22	1	5	BX	0	608738	0	4.5	BX	 77005-1-01	8-OZ SALMON			5	5	5	4.5	0	5	5	06/20/2011
1476	18.3642	18.9	823.08	847.1		1	1	44.82	BX	823.08	608740	0	18.9	LB	 14254-1-01	STRIPSTK, 20-OZ CC NV 1/2" PR			44.82	3	45	18.9	18.3642	44.82	3	06/20/2011
1476	18.3642	18.93	1113.6	1147.92		2	1	60.64	BX	1113.6	608740	0	18.93	LB	 16061-1-01	BEEF, P-HOUSE 24-OZ 1/2" PR			60.64	4	60	18.93	18.3642	60.64	4	06/20/2011
1476	18.3642	18.93	331.66	341.88		3	1	18.06	BX	331.66	608740	0	18.93	LB	 16084-1-01	BEEF, P-HOUSE 48-OZ MORTON PR			18.06	2	18	18.93	18.3642	18.06	2	06/20/2011
1476	16.8083	17.69	1554.44	1635.97		4	1	92.48	BX	1554.44	608740	0	17.69	LB	 35237-1-01	FILET, 12-OZ 1190 FC CH			92.48	6	90	17.69	16.8083	92.48	6	06/20/2011
1476	13.4726	14.7	1226.55	1338.29		5	1	91.04	BX	1226.55	608740	0	14.7	LB	 15529-1-01	BEEF, RIB EYE 16-OZ 1112 PR			91.04	6	90	14.7	13.4726	91.04	6	06/20/2011
1476	5	7.81	138	215.56		6	1	27.6	BX	138	608740	0	7.81	LB	 32253-1-01	BEEF, TENDER TAIL 1190A CHOICE			27.6	2	24	7.81	5	27.6	2	06/20/2011
1476	16.8083	17.69	1966.58	2069.73		7	1	117	BX	1966.58	608740	0	17.69	LB	 35242-1-01	FILET, 8 1/4 - 8 3/4 24/BX FC			117	9	114.75	17.69	16.8083	117	9	06/20/2011
1476	2.83	3.82	135.84	183.36		8	1	48	BX	135.84	608740	0	3.82	LB	 11361-1-01	GROUND BEEF, 8/2# BULK 75/25			48	3	48	3.82	2.83	48	3	06/20/2011
1476	8.5149	9.42	212.02	234.56		9	1	24.9	PC	212.02	608740	0	9.42	LB	 10009-1-01	BEEF, EXPORT RIB 5 BONE PR			24.9	2	26	9.42	8.5149	24.9	1	06/20/2011
1476	14.5375	15.68	1514.22	1633.23		10	1	104.16	BX	1514.22	608740	0	15.68	LB	 15726-1-01	BEEF, RIB CHOP 22/24-OZ FRD PR			104.16	7	100.63	15.68	14.5375	104.16	7	06/20/2011
1476	17.6075	25.29	364.48	523.5		11	1	20.7	BX	364.48	608740	0	25.29	LB	 34442-1-01	FILET, 16-OZ BI CH MORTONS			20.7	2	20	25.29	17.6075	20.7	2	06/20/2011
1476	18.3642	18.9	278.4	286.52		12	1	15.16	BX	278.4	608740	0	18.9	LB	 14161-1-01	STRIPSTK, 12-OZ CC NV 1/2" PR			15.16	1	15	18.9	18.3642	15.16	1	06/20/2011
1469	18.3642	18.9	1382.45	1422.79		1	1	75.28	BX	1382.45	608741	0	18.9	LB	 14254-1-01	STRIPSTK, 20-OZ CC NV 1/2" PR			75.28	5	75	18.9	18.3642	75.28	5	06/20/2011
1469	18.3642	18.93	556.44	573.58		2	1	30.3	BX	556.44	608741	0	18.93	LB	 16061-1-01	BEEF, P-HOUSE 24-OZ 1/2" PR			30.3	2	30	18.93	18.3642	30.3	2	06/20/2011
1469	16.8083	17.69	1295.93	1363.9		3	1	77.1	BX	1295.93	608741	0	17.69	LB	 35237-1-01	FILET, 12-OZ 1190 FC CH			77.1	5	75	17.69	16.8083	77.1	5	06/20/2011
1469	13.4726	14.7	406.87	443.94		4	1	30.2	BX	406.87	608741	0	14.7	LB	 15529-1-01	BEEF, RIB EYE 16-OZ 1112 PR			30.2	2	30	14.7	13.4726	30.2	2	06/20/2011
1469	16.8083	17.69	1534.59	1615.1		5	1	91.3	BX	1534.59	608741	0	17.69	LB	 35242-1-01	FILET, 8 1/4 - 8 3/4 24/BX FC			91.3	7	89.25	17.69	16.8083	91.3	7	06/20/2011
1469	2.83	3.82	45.28	61.12		6	1	16	BX	45.28	608741	0	3.82	LB	 11361-1-01	GROUND BEEF, 8/2# BULK 75/25			16	1	16	3.82	2.83	16	1	06/20/2011
1469	8.5149	9.42	221.39	244.92		7	1	26	PC	221.39	608741	0	9.42	LB	 10009-1-01	BEEF, EXPORT RIB 5 BONE PR			26	2	26	9.42	8.5149	26	1	06/20/2011
1469	46.95	57	46.95	57		8	1	1	BX	46.95	608741	0	57	BX	 99900-1-01	PEACH PAPER - BY THE CASE			1	1	1	57	46.95	1	1	06/20/2011
1469	14.5375	15.68	868.76	937.04		9	1	59.76	BX	868.76	608741	0	15.68	LB	 15726-1-01	BEEF, RIB CHOP 22/24-OZ FRD PR			59.76	4	57.5	15.68	14.5375	59.76	4	06/20/2011
1469	17.6075	25.29	357.79	513.89		10	1	20.32	BX	357.79	608741	0	25.29	LB	 34442-1-01	FILET, 16-OZ BI CH MORTONS			20.32	2	20	25.29	17.6075	20.32	2	06/20/2011
1469	0	4.5	0	4.5		11	1	1	BX	0	608741	0	4.5	BX	 78063-1-01	LOBSTER, TAIL 7/8-OZ WEST AUST			1	1	1	4.5	0	1	1	06/20/2011
1469	0	6.3	0	6.3		12	1	1	BX	0	608741	0	6.3	BX	 77002-1-01	CHILEAN SEA BASS			1	1	1	6.3	0	1	1	06/20/2011
1469	18.3642	18.9	276.2	284.26		13	1	15.04	BX	276.2	608741	0	18.9	LB	 14161-1-01	STRIPSTK, 12-OZ CC NV 1/2" PR			15.04	1	15	18.9	18.3642	15.04	1	06/20/2011
4137	17.8676	22	1088.12	1339.8		1	1	60.9	BX	1088.12	608742	0	22	LB	 33122-1-01	FILET, 8-OZ 1190B CC SM			60.9	5	60	22	17.8676	60.9	5	06/20/2011
4137	17.8676	22	813.7	1001.88		2	1	45.54	BX	813.7	608742	0	22	LB	 33123-1-01	FILET, 10-OZ 1190B CC SM			45.54	3	45	22	17.8676	45.54	3	06/20/2011
4137	7.5	10.95	263.25	384.35		3	1	35.1	BX	263.25	608742	0	10.95	LB	 34184-1-01	STRIPSTK, 14-OZ BNLS CC NV 1"			35.1	4	35	10.95	7.5	35.1	4	06/20/2011
4137	10.1556	12.95	500.88	638.69		4	1	49.32	BX	500.88	608742	0	12.95	LB	 35534-1-01	BEEF, RIB CHOP 18/20-OZ BI CH			49.32	4	50	12.95	10.1556	49.32	4	06/20/2011
3139	18.3642	18.9	547.62	563.6		1	1	29.82	BX	547.62	608744	0	18.9	LB	 14254-1-01	STRIPSTK, 20-OZ CC NV 1/2" PR			29.82	2	30	18.9	18.3642	29.82	2	06/20/2011
3139	18.3642	18.93	1127.93	1162.68		2	1	61.42	BX	1127.93	608744	0	18.93	LB	 16061-1-01	BEEF, P-HOUSE 24-OZ 1/2" PR			61.42	4	60	18.93	18.3642	61.42	4	06/20/2011
3139	18.3642	18.93	164.54	169.61		3	1	8.96	BX	164.54	608744	0	18.93	LB	 16084-1-01	BEEF, P-HOUSE 48-OZ MORTON PR			8.96	1	9	18.93	18.3642	8.96	1	06/20/2011
3139	16.8083	17.69	778.56	819.4		4	1	46.32	BX	778.56	608744	0	17.69	LB	 35237-1-01	FILET, 12-OZ 1190 FC CH			46.32	3	45	17.69	16.8083	46.32	3	06/20/2011
3139	13.4726	14.7	1436.98	1567.9		5	1	106.66	BX	1436.98	608744	0	14.7	LB	 15529-1-01	BEEF, RIB EYE 16-OZ 1112 PR			106.66	7	105	14.7	13.4726	106.66	7	06/20/2011
3139	2.83	3.82	45.28	61.12		6	1	16	BX	45.28	608744	0	3.82	LB	 11361-1-01	GROUND BEEF, 8/2# BULK 75/25			16	1	16	3.82	2.83	16	1	06/20/2011
3139	8.5149	9.42	223.94	247.75		7	1	26.3	PC	223.94	608744	0	9.42	LB	 10009-1-01	BEEF, EXPORT RIB 5 BONE PR			26.3	2	26	9.42	8.5149	26.3	1	06/20/2011
3139	46.95	57	46.95	57		8	1	1	BX	46.95	608744	0	57	BX	 99900-1-01	PEACH PAPER - BY THE CASE			1	1	1	57	46.95	1	1	06/20/2011
3139	14.5375	15.68	664.37	716.58		9	1	45.7	BX	664.37	608744	0	15.68	LB	 15726-1-01	BEEF, RIB CHOP 22/24-OZ FRD PR			45.7	3	43.13	15.68	14.5375	45.7	3	06/20/2011
3139	17.6075	25.29	178.54	256.44		10	1	10.14	BX	178.54	608744	0	25.29	LB	 34442-1-01	FILET, 16-OZ BI CH MORTONS			10.14	1	10	25.29	17.6075	10.14	1	06/20/2011
3139	0	6.3	0	6.3		11	1	1	BX	0	608744	0	6.3	BX	 77002-1-01	CHILEAN SEA BASS			1	1	1	6.3	0	1	1	06/20/2011
3139	18.3642	18.9	276.93	285.01		12	1	15.08	BX	276.93	608744	0	18.9	LB	 14161-1-01	STRIPSTK, 12-OZ CC NV 1/2" PR			15.08	1	15	18.9	18.3642	15.08	1	06/20/2011
3139	16.8083	17.69	2394.51	2520.12		13	1	142.46	BX	2394.51	608744	0	17.69	LB	 35242-1-01	FILET, 8 1/4 - 8 3/4 24/BX FC			142.46	11	140.25	17.69	16.8083	142.46	11	06/20/2011
3180	2.68	3.07	42.88	49.12		1	1	16	BX	42.88	608745	0	3.07	LB	 43695-1-01	GROUND BEEF, PATTY 8-OZ 80/20			16	1	16	3.07	2.68	16	1	06/20/2011
3180	5.8301	0	150.18	205.56		2	1	25.76	PC	150.18	608745	0	7.98	LB	 14545-1-01	BEEF, CULOTTE STK 8-OZ PR			25.76	50	25	7.98	5.8301	25.76	3	06/20/2011
3180	10.0194	11.75	86.97	101.99		3	1	8.68	BX	86.97	608745	0	11.75	LB	 35959-1-01	BEEF, SKIRT STEAK 14-OZ CC			8.68	1	8.75	11.75	10.0194	8.68	1	06/20/2011
3180	12.0081	14.55	199.09	241.24		4	1	16.58	BX	199.09	608745	0	14.55	LB	 55256-1-01	LAMB, P-HOUSE 6-OZ NT CH			16.58	3	16.8	14.55	12.0081	16.58	3	06/20/2011
3180	5	8.1	64.8	104.98		5	1	12.96	BX	64.8	608745	0	8.1	LB	 15558-1-01	BEEF, RIB EYE 8-OZ 1112 PR			12.96	1	12	8.1	5	12.96	1	06/20/2011
3180	15.11	17.5	1191.28	1379.7		6	1	78.84	BX	1191.28	608745	0	17.5	LB	 42361-1-01	FILET, 7-OZ 1190 WILDFIRE SEL			78.84	9	78.75	17.5	15.11	78.84	9	06/20/2011
3180	7	8.65	464.1	573.5		7	1	66.3	BX	464.1	608745	0	8.65	LB	 32247-1-01	BEEF, TENDER TAILS 1190A CH			66.3	5	60	8.65	7	66.3	5	06/20/2011
3180	9.5655	12.23	349.34	446.64		8	1	36.52	BX	349.34	608745	0	12.23	LB	 35712-1-01	BEEF, RIB CHOP 18/20 OZ BI CH			36.52	3	33.75	12.23	9.5655	36.52	3	06/20/2011
3180	4.28	4.7	128.4	141		9	1	30	BX	128.4	608745	0	4.7	LB	 66251-1-01	BACON, BITS			30	3	30	4.7	4.28	30	3	06/20/2011
3180	15.11	17.5	759.74	879.9		10	1	50.28	BX	759.74	608745	0	17.5	LB	 42363-1-01	FILET, 10-OZ 1190 WILDFIRE SEL			50.28	4	50	17.5	15.11	50.28	4	06/20/2011
3180	12	15.1	120.48	151.6		11	1	10.04	BX	120.48	608745	0	15.1	LB	 14600-1-01	STRIPSTK, 8-OZ CC BNLS NV 1" P			10.04	1	10	15.1	12	10.04	1	06/20/2011
3180	7.35	10.85	304	448.76		12	1	41.36	BX	304	608745	0	10.85	LB	 36058-1-01	BEEF, P-HOUSE 22-OZ 1" CH			41.36	3	41.25	10.85	7.35	41.36	3	06/20/2011
3180	9.75	11.4	438.18	512.32		13	1	44.94	BX	438.18	608745	0	11.4	LB	 35170-1-01	FILET, 3-OZ 1190A 3/PK			44.94	4	45	11.4	9.75	44.94	4	06/20/2011
3180	5.53	6.75	577.33	704.7		14	1	104.4	PC	577.33	608745	0	6.75	LB	 31333-1-01	BEEF, RIB EYE 2" 13 1/2 UP CH			104.4	6	81	6.75	5.53	104.4	2	06/20/2011
3180	8	11	204.8	281.6		15	1	25.6	BX	204.8	608745	0	11	LB	 16818-1-01	STRIPSTK, 14-OZ BNLS VN 1 SIDE			25.6	3	26.25	11	8	25.6	3	06/20/2011
3180	0.93	1.17	90.49	113.84		16	1	97.3	BX	90.49	608745	0	1.17	LB	 48504-1-01	BEEF, BONES CUT - MARROW BONES			97.3	2	70	1.17	0.93	97.3	2	06/20/2011
3180	3.65	4.1	219.62	246.7		17	1	60.17	BX	219.62	608745	0	4.1	LB	 66512-1-01	PORK, BACKRIBS 1 3/4DN SKD			60.17	2	60	4.1	3.65	60.17	2	06/20/2011
3180	14.59	16.75	87.54	100.5		18	1	6	BX	87.54	608745	0	16.75	BX	 99005-1-01	PEACHES & CREAM CORN 104795			6	6	6	16.75	14.59	6	6	06/20/2011
3180	7.5	11.1	133.8	198.02		19	1	17.84	BX	133.8	608745	0	11.1	LB	 34190-1-01	STRIPSTK, 14-OZ CC BNLS			17.84	2	17.5	11.1	7.5	17.84	2	06/20/2011
180	5.5	5.62	4840	5324		1	1	880	PC	4840	608746	0	6.05	LB	 22126-1-01	BEEF, EXPORT RIB 16/UP CAB			880	52	832	6.05	5.5	880	13	06/20/2011
3266	5.23	0	260.97	269.96		1	1	49.9	BX	260.97	608747	0	5.41	LB	 31403-1-01	STRIPLOIN, 0X1 BNLS 1/BOX			49.9	5	60	5.41	5.23	49.9	5	06/20/2011
3266	11.2592	0	261.44	304.88		2	1	23.22	BX	261.44	608747	0	13.13	LB	 39624-1-01	BEEF, RIB CHOP 12-OZ FRD ANGUS			23.22	2	21	13.13	11.2592	23.22	2	06/20/2011
3266	2.38	0	210.86	237.45		3	1	88.6	BX	210.86	608747	0	2.68	LB	 31008-1-01	BEEF, INSIDE ROUND CH			88.6	4	80	2.68	2.38	88.6	4	06/20/2011
3266	6.3474	0	266.46	342.98		4	1	41.98	BX	266.46	608747	0	8.17	LB	 35542-1-01	FLAT IRON STK 8-OZ FRESH CH			41.98	4	40	8.17	6.3474	41.98	4	06/20/2011
3266	9.05	0	1884.04	2096.37		1	1	208.18	BX	1884.04	608748	0	10.07	LB	 34949-1-01	BEEF, TENDER MED 2-OZ			208.18	20	200	10.07	9.05	208.18	20	06/20/2011
3451	0.01	0	26.16	78.48		1	1	2616	BX	26.16	608755	0	0.03	LB	 48506-1-01	BEEF, BONES MIXED			2616	2	100	0.03	0.01	2616	2	06/20/2011
3451	0.05	0	127.95	409.44		2	1	2559	LB	127.95	608755	0	0.16	LB	 41101-1-01	BEEF, FAT EDIBLE			2559	2	2	0.16	0.05	2559	2	06/20/2011
3217	0	0	0	0		0	2	0		0	608760	0	0		     0-0-00	ALL PRODUCT AMAZING JOES			0	0	0	0	0	0	0	06/20/2011
3217	9.4643	0	733.3	867		2	1	77.48	BX	733.3	608760	0	11.19	LB	 39614-1-01	BEEF, RIB EYE 10-OZ 1112A 1"			77.48	8	80	11.19	9.4643	77.48	8	06/20/2011
3217	8.9367	0	184.99	219.42		3	1	20.7	BX	184.99	608760	0	10.6	LB	 39601-1-01	BEEF, RIB EYE 14-OZ 1112A ANGS			20.7	2	21	10.6	8.9367	20.7	2	06/20/2011
3217	7.5	0	194.4	249.87		4	1	25.92	BX	194.4	608760	0	9.64	LB	 34187-1-01	STRIPSTK, 14-OZ CC BNLS 1" CH			25.92	3	26.25	9.64	7.5	25.92	3	06/20/2011
3217	15.11	0	160.17	184.12		5	1	10.6	BX	160.17	608760	0	17.37	LB	 42316-1-01	FILET, 8-OZ 1190A E/E SEL			10.6	1	10	17.37	15.11	10.6	1	06/20/2011
3217	5.7412	0	373.29	467.49		6	1	65.02	BX	373.29	608760	0	7.19	LB	 34590-1-01	BEEF, TOP BUTT 6-OZ 1184B CH			65.02	6	63	7.19	5.7412	65.02	6	06/20/2011
3217	5.7412	0	52.13	65.29		7	1	9.08	BX	52.13	608760	0	7.19	LB	 34577-1-01	BEEF, TOP BUTT 12-OZ 1184B CH			9.08	1	9	7.19	5.7412	9.08	1	06/20/2011
3217	5.7412	0	173.5	217.28		8	1	30.22	BX	173.5	608760	0	7.19	LB	 34601-1-01	BEEF, TOP BUTT 8-OZ 1184B CH			30.22	3	30	7.19	5.7412	30.22	3	06/20/2011
3217	7.5	0	152.1	195.5		9	1	20.28	BX	152.1	608760	0	9.64	LB	 38510-1-01	STRIPSTK, 10-OZ CC 1180A CH			20.28	2	22.5	9.64	7.5	20.28	2	06/20/2011
3217	0	0	0	0		0	2	0		0	608761	0	0		     0-0-00	MRK ALL BX'S J FORDS			0	0	0	0	0	0	0	06/20/2011
3217	8.3833	0	96.41	137.66		2	1	11.5	BX	96.41	608761	0	11.97	LB	 34241-1-01	STRIPSTK, 18-OZ CC BI NV 1" CH			11.5	1	11.25	11.97	8.3833	11.5	1	06/20/2011
3217	19.3808	0	464.17	533.85		3	1	23.95	BX	464.17	608761	0	22.29	LB	 35263-1-01	FILET, 8-OZ 1190B BARREL CUT			23.95	2	24	22.29	19.3808	23.95	2	06/20/2011
3217	7.35	0	66.59	92.59		4	1	9.06	BX	66.59	608761	0	10.22	LB	 36028-1-01	BEEF, T-BONE 24-OZ CHOICE			9.06	1	9	10.22	7.35	9.06	1	06/20/2011
3217	19.3808	0	286.84	329.89		5	1	14.8	BX	286.84	608761	0	22.29	LB	 35033-1-01	FILET, 12-OZ 1190B BARREL CUT			14.8	1	15	22.29	19.3808	14.8	1	06/20/2011
3217	9.7016	0	100.51	117.48		1	1	10.36	BX	100.51	608765	0	11.34	LB	 42502-1-01	FILET, 8-OZ CC 1190B COMMER			10.36	1	10	11.34	9.7016	10.36	1	06/20/2011
3217	12.0081	0	98.71	119.77		2	1	8.22	BX	98.71	608765	0	14.57	LB	 55267-1-01	LAMB, P-HOUSE 4-OZ NT FRESH CH			8.22	1	7.5	14.57	12.0081	8.22	1	06/20/2011
3217	5.6095	0	58.68	73.64		3	1	10.46	BX	58.68	608765	0	7.04	LB	 39750-1-01	BEEF, TOP BUTT 6-OZ BASEBALL			10.46	1	9.75	7.04	5.6095	10.46	1	06/20/2011
3217	5.71	0	157.6	174.16		4	1	27.6	BX	157.6	608765	0	6.31	LB	 39901-1-01	STRIPLOIN, 0X1 BNLS SYP ANGUS			27.6	1	24	6.31	5.71	27.6	1	06/20/2011
3217	5.6095	0	226.97	284.84		5	1	40.46	BX	226.97	608765	0	7.04	LB	 39768-1-01	BEEF, TOP BUTT 6-OZ 1184B ANGS			40.46	4	39	7.04	5.6095	40.46	4	06/20/2011
3217	5.6095	0	228.87	287.23		6	1	40.8	BX	228.87	608765	0	7.04	LB	 39770-1-01	BEEF, TOP BUTT 8-OZ 1184B ANGS			40.8	4	40	7.04	5.6095	40.8	4	06/20/2011
3217	6.0937	0	73.37	91.62		7	1	12.04	BX	73.37	608765	0	7.61	LB	 34531-1-01	BEEF, TOP BUTT 8-OZ BASEBALL			12.04	1	12	7.61	6.0937	12.04	1	06/20/2011
3217	5.6095	0	178.95	224.58		8	1	31.9	BX	178.95	608765	0	7.04	LB	 39754-1-01	BEEF, TOP BUTT 12-OZ 1184B ANG			31.9	3	31.5	7.04	5.6095	31.9	3	06/20/2011
3217	2.85	0	228	240		9	1	80	BX	228	608765	0	3	LB	 43941-1-01	BEEF DICED STEW 1X1 HAND CUT			80	8	80	3	2.85	80	8	06/20/2011
3217	5.9136	0	86.69	103.5		10	1	14.66	BX	86.69	608765	0	7.06	LB	 14541-1-01	TOP BUTT CAP (LONDON BROIL) PR			14.66	1	13	7.06	5.9136	14.66	1	06/20/2011
3217	7.5	0	134.25	172.56		11	1	17.9	BX	134.25	608765	0	9.64	LB	 38511-1-01	STRIPSTK,12-OZ CC CHOICE			17.9	2	21	9.64	7.5	17.9	2	06/20/2011
3217	8.04	0	139.9	145.99		12	1	17.4	BX	139.9	608765	0	8.39	LB	 32203-1-01	BEEF,TENDER PSMO 5/UP			17.4	1	15	8.39	8.04	17.4	1	06/20/2011
3217	5.23	0	134.41	141.61		13	1	25.7	BX	134.41	608765	0	5.51	LB	 31403-1-01	STRIPLOIN, 0X1 BNLS 1/BOX			25.7	2	24	5.51	5.23	25.7	2	06/20/2011
3217	5.7412	0	57.64	72.19		14	1	10.04	BX	57.64	608765	0	7.19	LB	 34548-1-01	BEEF,TOP BUTT 8-OZ CC 1184B			10.04	1	10	7.19	5.7412	10.04	1	06/20/2011
3217	7.6	0	152	180.8		15	1	20	BX	152	608765	0	9.04	LB	 55087-1-01	LAMB, KABOBS			20	2	20	9.04	7.6	20	2	06/20/2011
3217	5.28	0	173.18	198.11		16	1	32.8	BX	173.18	608765	0	6.04	LB	 31342-1-01	BEEF, RIB EYE 15/UP 112A 2"LIP			32.8	1	26	6.04	5.28	32.8	1	06/20/2011
3217	9.5655	0	109.81	129.84		17	1	11.48	BX	109.81	608765	0	11.31	LB	 35729-1-01	BEEF, RIB CHOP 16/18-OZ BI CH			11.48	1	11.25	11.31	9.5655	11.48	1	06/20/2011
3217	7.35	0	76.29	99.13		18	1	10.38	BX	76.29	608765	0	9.55	LB	 36030-1-01	BEEF, T-BONE 16-OZ CHOICE			10.38	1	10	9.55	7.35	10.38	1	06/20/2011
3217	8.04	0	196.99	210.46		19	1	24.5	BX	196.99	608765	0	8.59	LB	 32210-1-01	TENDERS, 5/UP 189A PSMO CH			24.5	3	15	8.59	8.04	24.5	3	06/20/2011
3217	4.9571	0	159.81	174.74		20	1	32.24	BX	159.81	608765	0	5.42	LB	 38411-1-01	BEEF, BALL TIP 8-OZ CH			32.24	3	30	5.42	4.9571	32.24	3	06/20/2011
3217	8.5771	0	248.04	302.21		21	1	28.92	BX	248.04	608765	0	10.45	LB	 35505-1-01	BEEF, RIB EYE 10-OZ 1112B 1"			28.92	3	30	10.45	8.5771	28.92	3	06/20/2011
3217	4.6143	0	45.4	57.76		22	1	9.84	BX	45.4	608765	0	5.87	LB	 65839-1-01	PORK, 16-OZ RIB CHOP CC 1410A			9.84	1	10	5.87	4.6143	9.84	1	06/20/2011
3217	3.64	0	50.96	61.32		23	1	14	BX	50.96	608765	0	4.38	LB	 65984-1-01	PORK, TENDERLOIN 1.25# 415			14	1	15	4.38	3.64	14	1	06/20/2011
3217	2.42	0	38.48	46.91		24	1	15.9	BX	38.48	608765	0	2.95	LB	 65985-1-01	PORK, LOIN CANADIAN BNLS 414			15.9	1	32	2.95	2.42	15.9	1	06/20/2011
3217	9.18	0	91.8	112.4		25	1	10	BX	91.8	608765	0	11.24	LB	 56676-1-01	VEAL, CUTLET PROVIMI 2-OZ			10	1	10	11.24	9.18	10	1	06/20/2011
3217	7.5	0	74.7	96.01		26	1	9.96	BX	74.7	608765	0	9.64	LB	 38510-1-01	STRIPSTK, 10-OZ CC 1180A CH			9.96	1	11.25	9.64	7.5	9.96	1	06/20/2011
3217	6.3474	0	133.55	174		27	1	21.04	BX	133.55	608765	0	8.27	LB	 35542-1-01	FLAT IRON STK 8-OZ FRESH CH			21.04	2	20	8.27	6.3474	21.04	2	06/20/2011
3217	6.1	0	122	145.6		28	1	20	BX	122	608765	0	7.28	LB	 55611-1-01	LAMB, GROUND FROZEN			20	2	20	7.28	6.1	20	2	06/20/2011
3993	8.21	8.4	3162.5	3235.68		1	1	385.2	BX	3162.5	608766	0	8.4	LB	 32206-1-01	BEEF,TENDER 6/UP DEL FRISCO			385.2	5	360	8.4	8.21	385.2	5	06/20/2011
3993	7.95	8.45	694.83	738.53		2	1	87.4	BX	694.83	608766	0	8.45	LB	 11316-1-01	BEEF, RIB EYE 12/15 2"LIP PR			87.4	1	84	8.45	7.95	87.4	1	06/20/2011
3993	4.6143	0	47.25	91.65		3	1	10.24	BX	47.25	608766	0	8.95	LB	 66149-1-01	PORK, P-HOUSE 16-OZ 10/BX			10.24	1	10	8.95	4.6143	10.24	1	06/20/2011
3993	11.5429	12.6	117.28	128.02		4	1	10.16	BX	117.28	608766	0	12.6	LB	 56608-1-01	VEAL, PORTERHOUSE 16-OZ 10/BX			10.16	1	10	12.6	11.5429	10.16	1	06/20/2011
3993	17.6075	21.8	363.77	450.39		5	1	20.66	BX	363.77	608766	0	21.8	LB	 35081-1-01	FILET, 16-OZ BI CH DEL FRISCO			20.66	2	20	21.8	17.6075	20.66	2	06/20/2011
3993	15.0137	18.2	405.07	491.04		6	1	26.98	BX	405.07	608766	0	18.2	LB	 15542-1-01	BEEF, RIB CHOP 20/22-OZ FRD PR			26.98	2	27.5	18.2	15.0137	26.98	2	06/20/2011
3993	15.6867	17.35	711.55	787		7	1	45.36	BX	711.55	608766	0	17.35	LB	 16059-1-01	BEEF, P-HOUSE 24-OZ CC NV PR			45.36	3	45	17.35	15.6867	45.36	3	06/20/2011
3993	14.09	16.1	259.68	296.72		8	1	18.43	BX	259.68	608766	0	16.1	LB	 55044-1-01	LAMB, RACK 24-26 FR'D CAP OFF			18.43	1	19.5	16.1	14.09	18.43	1	06/20/2011
2072	8.21	8.4	1926.07	1970.64		1	1	234.6	BX	1926.07	608767	0	8.4	LB	 32206-1-01	BEEF,TENDER 6/UP DEL FRISCO			234.6	3	216	8.4	8.21	234.6	3	06/20/2011
2072	7.95	8.45	701.99	746.14		2	1	88.3	BX	701.99	608767	0	8.45	LB	 11316-1-01	BEEF, RIB EYE 12/15 2"LIP PR			88.3	1	84	8.45	7.95	88.3	1	06/20/2011
2072	8.59	9.45	569.52	626.54		3	1	66.3	BX	569.52	608767	0	9.45	LB	 11397-1-01	STRIPLOIN, 0X1 BNLS DEL FRISCO			66.3	1	66	9.45	8.59	66.3	1	06/20/2011
2072	9.18	9.95	429.63	465.66		4	1	46.8	BX	429.63	608767	0	9.95	LB	 56804-1-01	VEAL, 3" OSSO BUCO PROVIMI			46.8	4	40	9.95	9.18	46.8	4	06/20/2011
2072	15.6867	17.35	477.19	527.79		5	1	30.42	BX	477.19	608767	0	17.35	LB	 16059-1-01	BEEF, P-HOUSE 24-OZ CC NV PR			30.42	2	30	17.35	15.6867	30.42	2	06/20/2011
2072	16.0167	17.55	262.99	288.17		6	1	16.42	BX	262.99	608767	0	17.55	LB	 14268-1-01	STRIPSTK, 26-OZ BI NV CC 1" PR			16.42	1	16.25	17.55	16.0167	16.42	1	06/20/2011
2072	14.09	16.1	255.03	291.41		7	1	18.1	BX	255.03	608767	0	16.1	LB	 55044-1-01	LAMB, RACK 24-26 FR'D CAP OFF			18.1	1	19.5	16.1	14.09	18.1	1	06/20/2011
2072	11.5429	12.6	120.51	131.54		8	1	10.44	BX	120.51	608767	0	12.6	LB	 56608-1-01	VEAL, PORTERHOUSE 16-OZ 10/BX			10.44	1	10	12.6	11.5429	10.44	1	06/20/2011
2072	15.45	16.25	354.58	372.94		9	1	22.95	BX	354.58	608767	0	16.25	LB	 15711-1-01	BEEF, RIB CHOP 30/32-OZ			22.95	3	24	16.25	15.45	22.95	3	06/20/2011
2072	17.6075	21.8	549.7	680.6		10	1	31.22	BX	549.7	608767	0	21.8	LB	 35081-1-01	FILET, 16-OZ BI CH DEL FRISCO			31.22	3	30	21.8	17.6075	31.22	3	06/20/2011
2072	15.0137	18.2	615.86	746.56		11	1	41.02	BX	615.86	608767	0	18.2	LB	 15542-1-01	BEEF, RIB CHOP 20/22-OZ FRD PR			41.02	3	41.25	18.2	15.0137	41.02	3	06/20/2011
3647	14.34	16.5	273.18	314.33		1	1	19.05	BX	273.18	608768	0	16.5	LB	 55020-1-01	LAMB, RACK 8-RIB 24/26-OZ			19.05	1	32.5	16.5	14.34	19.05	1	06/20/2011
3647	2.94	3.98	44.1	59.7		2	1	15	BX	44.1	608768	0	3.98	LB	 43703-1-01	GROUND BEEF, PATTY 10-OZ 75/25			15	1	15	3.98	2.94	15	1	06/20/2011
3647	4.55	11.5	41.59	105.11		3	1	9.14	BX	41.59	608768	0	11.5	LB	 31121-1-01	BEEF, RIB CAP MEAT PR			9.14	1	10	11.5	4.55	9.14	1	06/20/2011
3647	12.5	17.95	308.5	443.01		4	1	24.68	BX	308.5	608768	0	17.95	LB	 15238-1-01	FILET, 8-OZ 1190A 1ST CUT PR			24.68	2	24	17.95	12.5	24.68	2	06/20/2011
3647	12.9277	0	433.33	482.35		5	1	33.52	BX	433.33	608768	0	14.39	LB	 25530-1-01	BEEF, RIB CHOP 16/18-OZ BI CAB			33.52	3	31.88	14.39	12.9277	33.52	3	06/20/2011
3647	10.5	16.95	371.7	600.03		1	1	35.4	BX	371.7	608769	0	16.95	LB	 35230-1-01	FILET, 8-OZ 1190A 1ST CUT CH			35.4	3	36	16.95	10.5	35.4	3	06/20/2011
3647	3.5	6.25	71.4	127.5		2	1	20.4	BX	71.4	608769	0	6.25	LB	 16828-1-01	BEEF, STRIP LOIN STK 8-OZ PR			20.4	2	20	6.25	3.5	20.4	2	06/20/2011
3647	2.83	3.95	90.56	126.4		3	1	32	BX	90.56	608769	0	3.95	LB	 11361-1-01	GROUND BEEF, 8/2# BULK 75/25			32	2	32	3.95	2.83	32	2	06/20/2011
3647	5	9.85	221	435.37		4	1	44.2	BX	221	608769	0	9.85	LB	 34234-1-01	STRIPSTK, 12-OZ CC NV CH			44.2	5	45	9.85	5	44.2	5	06/20/2011
3832	11.48	12.9	125.13	140.61		1	1	10.9	BX	125.13	608771	0	12.9	LB	 56714-1-01	VEAL, LOIN 0X0 BNLS PROVIMI			10.9	1	14	12.9	11.48	10.9	1	06/20/2011
3832	17.4917	22.25	261.33	332.42		2	1	14.94	BX	261.33	608771	0	22.25	LB	 14267-1-01	STRIPSTK, 24-OZ CC NV 1" PR 			14.94	1	15	22.25	17.4917	14.94	1	06/20/2011
3832	29.83	37.75	302.48	382.79		3	1	10.14	BX	302.48	608771	0	37.75	LB	 15298-1-01	FILET, 16-OZ BI PR			10.14	1	10	37.75	29.83	10.14	1	06/20/2011
1860	16.0167	16.5	236.09	243.21		1	1	14.74	PC	236.09	608772	0	16.5	LB	 14251-1-01	STRIPSTK, 20-OZ BI NV CC 1" PR			14.74	12	15	16.5	16.0167	14.74	2	06/20/2011
1860	17.4917	18.1	203.6	210.68		2	1	11.64	PC	203.6	608772	0	18.1	LB	 14234-1-01	STRIPSTK, 16-OZ CC NV 1/2" TL			11.64	12	12	18.1	17.4917	11.64	2	06/20/2011
1860	29.83	32.25	363.33	392.81		3	1	12.18	PC	363.33	608772	0	32.25	LB	 15298-1-01	FILET, 16-OZ BI PR			12.18	12	12	32.25	29.83	12.18	2	06/20/2011
1860	0	0	0	0		0	2	0		0	608772	0	0		     0-0-00		DRIVER: PLEASE P/UP CHECK		0	0	0	0	0	0	0	06/20/2011
3060	1.5	0	23.67	78.74		1	1	15.78	BX	23.67	608778	0	4.99	LB	 43760-1-01	BEEF, OUTER SKIRT PIECES			15.78	1	16	4.99	1.5	15.78	1	06/20/2011
3060	4.1889	0	180.13	204.68		2	1	43	BX	180.13	608778	0	4.76	LB	 42103-1-01	BEEF, BALL TIP FAJITA CUT			43	2	80	4.76	4.1889	43	2	06/20/2011
3060	4.92	0	341.45	376.15		3	1	69.4	BX	341.45	608778	0	5.42	LB	 32180-1-01	BEEF, EXPORT RIB 15/UP 4/CS CH			69.4	1	60	5.42	4.92	69.4	1	06/20/2011
3060	9.0796	0	91.16	130.62		4	1	10.04	BX	91.16	608778	0	13.01	LB	 36050-1-01	BEEF, P-HOUSE 20-OZ 1" CH			10.04	1	10	13.01	9.0796	10.04	1	06/20/2011
3060	8.04	0	135.88	140.1		5	1	16.9	BX	135.88	608778	0	8.29	LB	 32203-1-01	BEEF,TENDER PSMO 5/UP			16.9	1	15	8.29	8.04	16.9	1	06/20/2011
3060	4.9	0	61.25	66.5		6	1	12.5	BX	61.25	608778	0	5.32	LB	 38032-1-01	BEEF, CHUCK TERES MAJOR 114F			12.5	1	10	5.32	4.9	12.5	1	06/20/2011
3060	8.5771	0	76.34	92.12		7	1	8.9	BX	76.34	608778	0	10.35	LB	 30144-1-01	BEEF, RIB EYE 15-OZ 1" TL CH			8.9	1	9.38	10.35	8.5771	8.9	1	06/20/2011
3060	5.21	0	301.14	313.28		8	1	57.8	BX	301.14	608778	0	5.42	LB	 32114-1-01	BEEF, EXPORT RIB 15/DN 4/CS CH			57.8	1	60	5.42	5.21	57.8	1	06/20/2011
3060	6.8294	0	139.86	171.42		9	1	20.48	BX	139.86	608778	0	8.37	LB	 14531-1-01	BEEF, TOP BUTT 14-OZ CC PR			20.48	2	21	8.37	6.8294	20.48	2	06/20/2011
3060	8.59	0	197.57	213.44		10	1	23	BX	197.57	608778	0	9.28	LB	 13710-1-01	STRIPLOIN, 0X1 BNLS PR			23	2	26	9.28	8.59	23	2	06/20/2011
3060	7.5	0	110.25	140.24		11	1	14.7	BX	110.25	608778	0	9.54	LB	 34154-1-01	STRIPSTK, 12-OZ CC BNL 1" CH			14.7	1	15	9.54	7.5	14.7	1	06/20/2011
3060	17.8676	0	177.25	203.46		12	1	9.92	BX	177.25	608778	0	20.51	LB	 35207-1-01	FILET, 7-OZ 1190B CC			9.92	1	9.63	20.51	17.8676	9.92	1	06/20/2011
3060	7.2683	0	110.19	134.77		13	1	15.16	BX	110.19	608778	0	8.89	LB	 14505-1-01	BEEF, BASEBALL STK 12-OZ C/OFF			15.16	1	15	8.89	7.2683	15.16	1	06/20/2011
3060	4.16	0	51.58	63.98		14	1	12.4	BX	51.58	608778	0	5.16	LB	 11715-1-01	BEEF, TOP BUTT 13# PR			12.4	1	13	5.16	4.16	12.4	1	06/20/2011
3060	4.6143	0	49.93	62.43		15	1	10.82	BX	49.93	608778	0	5.77	LB	 65857-1-01	PORK, 12-OZ P-HOUSE CC 1412			10.82	1	10.5	5.77	4.6143	10.82	1	06/20/2011
3060	16.6802	0	174.14	198.67		16	1	10.44	BX	174.14	608778	0	19.03	LB	 42319-1-01	FILET, 8-OZ 1190B CC SEL			10.44	1	10	19.03	16.6802	10.44	1	06/20/2011
3060	6.3474	0	66.52	85.62		17	1	10.48	BX	66.52	608778	0	8.17	LB	 35542-1-01	FLAT IRON STK 8-OZ FRESH CH			10.48	1	10	8.17	6.3474	10.48	1	06/20/2011
3060	8.05	0	129.61	143.61		18	1	16.1	BX	129.61	608778	0	8.92	LB	 11332-1-01	BEEF, RIB EYE 15/UP 2"LIP PR			16.1	1	13	8.92	8.05	16.1	1	06/20/2011
3060	5.7412	0	69.58	85.93		19	1	12.12	BX	69.58	608778	0	7.09	LB	 34540-1-01	BEEF, TOP BUTT 8-OZ 1184B CH			12.12	1	12	7.09	5.7412	12.12	1	06/20/2011
3266	15.11	0	381.38	435.89		1	1	25.24	BX	381.38	608781	0	17.27	LB	 38330-1-01	FILET, 10-OZ 1190B SK/S OFF			25.24	2	25	17.27	15.11	25.24	2	06/20/2011
3266	18.843	0	190.31	219.68		2	1	10.1	BX	190.31	608781	0	21.75	LB	 39450-1-01	FILET, 8-OZ CC 1190B ANGUS			10.1	1	10	21.75	18.843	10.1	1	06/20/2011
3266	17.6075	0	291.58	434.53		3	1	16.56	BX	291.58	608781	0	26.24	LB	 34113-1-01	FILET, 10-OZ BI CH			16.56	2	25	26.24	17.6075	16.56	2	06/20/2011
3266	17.4917	0	1387.82	1599.49		4	1	79.34	BX	1387.82	608781	0	20.16	LB	 14603-1-01	STRIPSTK, 9-OZ CC BNLS NV 1" P			79.34	7	78.75	20.16	17.4917	79.34	7	06/20/2011
3266	6.8793	0	64.39	77.97		5	1	9.36	BX	64.39	608781	0	8.33	LB	 38037-1-01	BEEF, TERES MAJOR STEAK 8-OZ			9.36	1	10	8.33	6.8793	9.36	1	06/20/2011
3266	6.8294	0	208.98	256.12		6	1	30.6	BX	208.98	608781	0	8.37	LB	 14509-1-01	BEEF, TOP BUTT 10-OZ CC PR			30.6	2	30	8.37	6.8294	30.6	2	06/20/2011
3266	7.5	0	77.4	98.45		7	1	10.32	BX	77.4	608781	0	9.54	LB	 34323-1-01	STRIPSTK, 8-OZ CC BNLS 1" CH			10.32	1	10	9.54	7.5	10.32	1	06/20/2011
3266	4.9386	0	50.08	61.04		8	1	10.14	BX	50.08	608781	0	6.02	LB	 34587-1-01	BEEF, CULOTTE 8-OZ IND VAC CH			10.14	1	10	6.02	4.9386	10.14	1	06/20/2011
3266	6.3474	0	63.47	81.7		9	1	10	BX	63.47	608781	0	8.17	LB	 35551-1-01	FLAT IRON STK 6-OZ FRESH CH			10	1	9.75	8.17	6.3474	10	1	06/20/2011
3266	8.5771	0	147.7	178.23		10	1	17.22	BX	147.7	608781	0	10.35	LB	 30141-1-01	BEEF, RIB EYE 12-OZ 1" TL CH			17.22	2	18	10.35	8.5771	17.22	2	06/20/2011
3266	7.54	0	557.21	720.53		11	1	73.9	BX	557.21	608781	0	9.75	LB	 11406-1-01	STRIPLOIN, 1X1 12/14 BNLS PR			73.9	1	72	9.75	7.54	73.9	1	06/20/2011
3266	9.5655	0	106.75	125.1		12	1	11.16	BX	106.75	608781	0	11.21	LB	 35729-1-01	BEEF, RIB CHOP 16/18-OZ BI CH			11.16	1	11.25	11.21	9.5655	11.16	1	06/20/2011
3266	7.35	0	150.53	193.54		13	1	20.48	BX	150.53	608781	0	9.45	LB	 36030-1-01	BEEF, T-BONE 16-OZ CHOICE			20.48	2	20	9.45	7.35	20.48	2	06/20/2011
3266	17.8676	0	895.18	1027.55		14	1	50.1	BX	895.18	608781	0	20.51	LB	 38114-1-01	FILET, 8-OZ 1190B CC CH			50.1	5	50	20.51	17.8676	50.1	5	06/20/2011
3266	12.3	0	760.14	894.25		1	1	61.8	BX	760.14	608783	0	14.47	LB	 55202-1-01	LAMB, RIB CHOP 1-RIB NZ			61.8	10	50	14.47	12.3	61.8	10	06/20/2011
3266	4.25	0	63.75	75.9		2	1	15	BX	63.75	608783	0	5.06	LB	 43770-1-01	OX TAILS, CUT UP			15	1	15	5.06	4.25	15	1	06/20/2011
3710	10.35	12.3	-124.2	-148.8		1	1	-12	LB	0	608784	0	12.4	LB	 11204-1-01	TENDERS, 6/UP PSMO PR			-12	-12	-12	12.4	10.35	0	0	06/20/2011
3710	0	0	0	0		0	2	0		0	608784	0	0		     0-0-00	REFER TO INVOICE 608161	RA-01453 SPOILED		0	0	0	0	0	0	0	06/20/2011
3462	39.75	0	1590	1700		1	1	40	BX	1590	608785	0	42.5	LB	 78044-1-01	LOBSTER, 8/10-OZ W AUST 10#BX	PUT IN STYROFOAM		40	4	40	42.5	39.75	40	4	06/20/2011
4075	10.35	12.3	0	-86.8		1	1	-7	LB	0	608786	-1	12.4	LB	 11204-1-01	TENDERS, 6/UP PSMO PR			-7	-7	-7	12.4	0	0	0	06/20/2011
4075	0	0	0	0		0	2	0		0	608786	0	0		     0-0-00	REFER TO INVOICE 607676	RA-01454 SPOILED		0	0	0	0	0	0	0	06/20/2011
3677	14.1889	15.4	571.24	620		1	1	40.26	BX	571.24	608787	0	15.4	LB	 15536-1-01	BEEF, RIB EYE 16-OZ PR			40.26	4	40	15.4	14.1889	40.26	4	06/20/2011
3677	15.1136	17.85	3124.57	3690.31		2	1	206.74	BX	3124.57	608787	0	17.85	LB	 34946-1-01	FILET, 8-OZ 1190 FC CH			206.74	20	200	17.85	15.1136	206.74	20	06/20/2011
3677	15.1136	17.85	1186.12	1400.87		3	1	78.48	BX	1186.12	608787	0	17.85	LB	 34958-1-01	FILET, 12-OZ 1190 FC CH			78.48	5	75	17.85	15.1136	78.48	5	06/20/2011
3677	13.5966	15.45	1468.98	1669.22		4	1	108.04	BX	1468.98	608787	0	15.45	LB	 14569-1-01	BEEF, RIB CHOP 20/22-OZ 10/BX			108.04	8	110	15.45	13.5966	108.04	8	06/20/2011
3677	26.8286	28.25	368.62	388.16		5	1	13.74	BX	368.62	608787	0	28.25	LB	 55282-1-01	LAMB, RIB CHOP 6-OZ FRD CH	2 PER CRYO		13.74	1	12.38	28.25	26.8286	13.74	1	06/20/2011
3677	7	8.9	196.42	249.73		6	1	28.06	BX	196.42	608787	0	8.9	LB	 32247-1-01	BEEF, TENDER TAILS 1190A CH			28.06	2	24	8.9	7	28.06	2	06/20/2011
3677	15.1136	17.85	217.03	256.33		7	1	14.36	BX	217.03	608787	0	0	LB	 34964-1-01	FILET, 6-OZ 1190 FC CH			14.36	1	13.5	17.85	15.1136	14.36	1	06/20/2011
3243	5.02	0	-260.54	-279.74		1	1	-51.9	LB	0	608788	0	5.39	LB	 32168-1-01	BEEF, EXPORT RIB 2X2 16# CH			-51.9	-51.9	-51.9	5.39	5.02	0	0	06/20/2011
3243	0	0	0	0		0	2	0		0	608788	0	0		     0-0-00	REFER TO INVOICE 608289	RA-01952 CUSTOMER OVER ORDERED	FREIGHT CREDIT TOO	0	0	0	0	0	0	0	06/20/2011
3243	7.17	0	-270.31	-315.17		1	1	-37.7	LB	0	608789	0	8.36	LB	 12123-1-01	BEEF, EXPORT RIB 16/UP PR			-37.7	-37.7	-37.7	8.36	7.17	0	0	06/20/2011
3243	0	0	0	-266.16		2	1	-26.3	LB	0	608789	0	10.12	LB	 11414-1-01	STRIPLOIN, 0X1 BNLS 1/4"FAT PR			-26.3	-26.3	-26.3	10.12	0	0	0	06/20/2011
3243	0	0	0	0		0	2	0		0	608789	0	0		     0-0-00	REFER TO INVOICE 607162	CREDIT FOR FRT TOO		0	0	0	0	0	0	0	06/20/2011
3243	10	0	-103	-130.6		1	1	-10.3	LB	0	608790	0	12.68	LB	 35130-1-01	BEEF, TENDER MED 4-OZ NR			-10.3	-10.3	-10.3	12.68	10	0	0	06/20/2011
3243	4.8667	0	-51.59	-64.87		2	1	-10.6	LB	0	608790	0	6.12	LB	 39782-1-01	BEEF, TOP BUTT 10-OZ STRIP STL			-10.6	-10.6	-10.6	6.12	4.8667	0	0	06/20/2011
3243	0	0	0	0		0	2	0		0	608790	0	0		     0-0-00	REFER TO INMVOICE 607555	RA-01951 2 INVOICE INVOLVED	608043-607555 QUALITY	0	0	0	0	0	0	0	06/20/2011
3243	0	0	0	0		0	2	0		0	608790	0	0		     0-0-00	CREDIT FOR FRT ISSUE TOO			0	0	0	0	0	0	0	06/20/2011
4104	14.1	0	370.55	407.34		1	1	26.28	BX	370.55	608795	0	15.5	LB	 55006-1-01	LAMB, RACK 16/18-OZ NZ			26.28	1	22.5	15.5	14.1	26.28	1	06/20/2011
4104	5.6143	0	110.83	167.79		2	1	19.74	BX	110.83	608795	0	8.5	LB	 34514-1-01	BEEF, TOP BUTT 16-OZ CC 1184B	DENUDED		19.74	2	20	8.5	5.6143	19.74	2	06/20/2011
4104	7.35	0	204.04	260.94		3	1	27.76	BX	204.04	608795	0	9.4	LB	 36054-1-01	BEEF, T-BONE 22-OZ 1" CH			27.76	2	27.5	9.4	7.35	27.76	2	06/20/2011
4104	8.8517	0	646.18	675.25		4	1	73	PC	646.18	608795	0	9.25	LB	 33710-1-01	STRIPLOIN, 0X1 CC NV STEAK RDY			73	12	84	9.25	8.8517	73	2	06/20/2011
57	8.44	0	734.28	861.3		1	1	87	BX	734.28	608796	0	9.9	LB	 22201-1-01	TENDERS, PSMO 6/UP CAB			87	1	72	9.9	8.44	87	1	06/20/2011
3508	5.9	0	481.44	518.98		1	1	81.6	BX	481.44	608799	0	6.36	LB	 31325-1-01	BEEF, RIB EYE 16.5/DN 2" HS MP			81.6	1	99	6.36	5.9	81.6	1	06/20/2011
3508	3.5	0	158.55	212.91		2	1	45.3	BX	158.55	608799	0	4.7	LB	 34150-1-01	STRIPSTK, 12-OZ BNL VEIN IN MP			45.3	3	45	4.7	3.5	45.3	3	06/20/2011
3508	8.3833	0	95.74	125.28		3	1	11.42	BX	95.74	608799	0	10.97	LB	 34242-1-01	STRIPSTK, 18-OZ CC NV BI MP			11.42	1	11.25	10.97	8.3833	11.42	1	06/20/2011
3508	7.5	0	74.1	83.49		4	1	9.88	BX	74.1	608799	0	8.45	LB	 34109-1-01	STRIPSTK, 16-OZ CC NV CH			9.88	1	10	8.45	7.5	9.88	1	06/20/2011
4147	10.35	12.3	848.7	1008.6		1	1	82	BX	848.7	608806	0	12.3	LB	 11204-1-01	TENDERS, 6/UP PSMO PR			82	1	85	12.3	10.35	82	1	06/20/2011
4147	8.05	9.35	483	561		2	1	60	PC	483	608806	0	9.35	LB	 11314-1-01	BEEF, RIB EYE 2" 13 1/2 UP PR			60	4	54	9.35	8.05	60	1	06/20/2011
4147	17.4917	20.95	526.85	631.01		3	1	30.12	BX	526.85	608806	0	20.95	LB	 14142-1-01	STRIPSTK, 12-OZ CC NV 1" PR			30.12	2	30	20.95	17.4917	30.12	2	06/20/2011
1469	18.3642	18.9	279.14	287.28		1	1	15.2	BX	279.14	608809	0	18.9	LB	 14254-1-01	STRIPSTK, 20-OZ CC NV 1/2" PR			15.2	1	15	18.9	18.3642	15.2	1	06/20/2011
2034	16.8083	17.69	221.2	232.8		1	1	13.16	BX	221.2	608810	0	17.69	LB	 35242-1-01	FILET, 8 1/4 - 8 3/4 24/BX FC			13.16	1	12.75	17.69	16.8083	13.16	1	06/20/2011
2034	16.8083	17.69	518.03	545.21		2	1	30.82	BX	518.03	608810	0	17.69	LB	 35237-1-01	FILET, 12-OZ 1190 FC CH			30.82	2	30	17.69	16.8083	30.82	2	06/20/2011
3274	6.8793	0	146.12	175.44		1	1	21.24	BX	146.12	608811	0	8.26	LB	 38035-1-01	BEEF, TERES MAJOR STEAK 2-OZ			21.24	2	20	8.26	6.8793	21.24	2	06/20/2011
3274	5.22	0	1181.8	1356.14		2	1	226.4	BX	1181.8	608811	0	5.99	LB	 39912-1-01	BEEF, EXPORT RIB 16/UP 109E			226.4	3	192	5.99	5.22	226.4	3	06/20/2011
3274	5.6095	0	59.69	73.1		3	1	10.64	BX	59.69	608811	0	6.87	LB	 39754-1-01	BEEF, TOP BUTT 12-OZ 1184B ANG			10.64	1	10.5	6.87	5.6095	10.64	1	06/20/2011
3274	5.28	0	87.65	91.13		4	1	16.6	BX	87.65	608811	0	5.49	LB	 31302-1-01	BEEF, RIB EYE 15/UP 2" LIP CH			16.6	1	13	5.49	5.28	16.6	1	06/20/2011
3274	16.1136	0	164.04	188.02		5	1	10.18	BX	164.04	608811	0	18.47	LB	 38111-1-01	FILET, 8-OZ 1190A E/E CH			10.18	1	10	18.47	16.1136	10.18	1	06/20/2011
3274	5.68	0	56.8	68		6	1	10	BX	56.8	608811	0	6.8	LB	 66425-1-01	BACON, NUESKE 16/20 #2174			10	1	10	6.8	5.68	10	1	06/20/2011
3274	7.35	0	151.27	196.54		7	1	20.58	BX	151.27	608811	0	9.55	LB	 36030-1-01	BEEF, T-BONE 16-OZ CHOICE			20.58	2	20	9.55	7.35	20.58	2	06/20/2011
3274	4.9571	0	50.56	53.55		8	1	10.2	BX	50.56	608811	0	5.25	LB	 38411-1-01	BEEF, BALL TIP 8-OZ CH			10.2	1	10	5.25	4.9571	10.2	1	06/20/2011
3274	5.7412	0	57.99	70.9		9	1	10.1	BX	57.99	608811	0	7.02	LB	 34601-1-01	BEEF, TOP BUTT 8-OZ 1184B CH			10.1	1	10	7.02	5.7412	10.1	1	06/20/2011
3274	6.3474	0	263.42	336.15		10	1	41.5	BX	263.42	608811	0	8.1	LB	 35541-1-01	FLAT IRON STEAK 10-OZ 16/BX			41.5	4	40	8.1	6.3474	41.5	4	06/20/2011
3274	7.35	0	76	98.75		11	1	10.34	BX	76	608811	0	9.55	LB	 36022-1-01	BEEF, T-BONE 16-OZ 1" CH			10.34	1	10	9.55	7.35	10.34	1	06/20/2011
3274	7.5	0	75.9	95.84		12	1	10.12	BX	75.9	608811	0	9.47	LB	 38510-1-01	STRIPSTK, 10-OZ CC 1180A CH			10.12	1	11.25	9.47	7.5	10.12	1	06/20/2011
3274	10.6411	0	305.61	351.25		1	1	28.72	BX	305.61	608813	0	12.23	LB	 39606-1-01	BEEF, RIB CHOP 20-OZ FRD CH			28.72	3	30	12.23	10.6411	28.72	3	06/20/2011
3274	10.5472	0	211.78	283.53		2	1	20.08	BX	211.78	608813	0	14.12	LB	 34136-1-01	STRIPSTK, 16-OZ CC NV DRY AGE			20.08	2	20	14.12	10.5472	20.08	2	06/20/2011
3274	9.4643	0	94.26	109.76		3	1	9.96	BX	94.26	608813	0	11.02	LB	 39604-1-01	BEEF, RIB EYE 16-OZ 1112A 1"TL			9.96	1	10	11.02	9.4643	9.96	1	06/20/2011
3274	19.3808	0	416.3	475.14		4	1	21.48	BX	416.3	608813	0	22.12	LB	 35301-1-01	FILET, 12-OZ 1190B BARREL CUT			21.48	2	21	22.12	19.3808	21.48	2	06/20/2011
3274	19.3808	0	410.48	468.5		5	1	21.18	BX	410.48	608813	0	22.12	LB	 35285-1-01	FILET, 8-OZ 1190B BARREL CUT			21.18	2	20	22.12	19.3808	21.18	2	06/20/2011
3274	9.7811	0	102.9	143.91		6	1	10.52	BX	102.9	608813	0	13.68	LB	 34138-1-01	STRIPSTK, 16-OZ CC BI NV CH			10.52	1	10	13.68	9.7811	10.52	1	06/20/2011
3274	6.8294	0	71.3	87.7		7	1	10.44	BX	71.3	608813	0	8.4	LB	 14521-1-01	BEEF, TOP BUTT 10-OZ 1184B PR			10.44	1	10	8.4	6.8294	10.44	1	06/20/2011
3274	10.5472	0	110.96	158.22		8	1	10.52	BX	110.96	608813	0	15.04	LB	 34257-1-01	STRIPSTK, 12-OZ CC NV DRY AGED			10.52	1	10.5	15.04	10.5472	10.52	1	06/20/2011
3274	0	0	0	0		0	2	0		0	608813	0	0		     0-0-00	RADISSON PAPER VALLEY			0	0	0	0	0	0	0	06/20/2011
3450	2.83	3.95	45.28	63.2		1	1	16	BX	45.28	608817	0	3.95	LB	 11361-1-01	GROUND BEEF, 8/2# BULK 75/25			16	1	16	3.95	2.83	16	1	06/20/2011
3832	16.2455	19.9	2030.68	2487.5		1	1	125	PC	2030.68	608819	0	19.9	LB	 15706-1-01	BEEF, RIB CHOP 16/18-OZ PR			125	110	110	19.9	16.2455	125	11	06/20/2011
3722	6.8294	9.35	124.84	170.92		1	1	18.28	BX	124.84	608825	0	9.35	LB	 14520-1-01	BEEF, TOP BUTT 12-OZ CC PR			18.28	1	18	9.35	6.8294	18.28	1	06/20/2011
3722	5.9	7.98	384.68	520.3		2	1	65.2	PC	384.68	608825	0	7.98	LB	 21302-1-01	BEEF, RIB EYE 12/UP 2"LIP CAB			65.2	5	60	7.98	5.9	65.2	1	06/20/2011
3722	2.38	3.09	46.65	60.56		3	1	19.6	BX	46.65	608825	0	3.09	LB	 31008-1-01	BEEF, INSIDE ROUND CH			19.6	1	20	3.09	2.38	19.6	1	06/20/2011
3722	5.23	7.3	115.58	161.33		4	1	22.1	PC	115.58	608825	0	7.3	LB	 31402-1-01	STRIPLOIN, 0X1 10/12LB BNLS CH			22.1	2	20	7.3	5.23	22.1	1	06/20/2011
3722	7	9.75	94.08	131.04		5	1	13.44	BX	94.08	608825	0	9.75	LB	 32247-1-01	BEEF, TENDER TAILS 1190A CH			13.44	1	12	9.75	7	13.44	1	06/20/2011
3722	2.68	3.75	106.92	149.63		6	1	39.9	BX	106.92	608825	0	3.75	LB	 43694-1-01	GROUND BEEF,PATTY 5.3-OZ 80/20			39.9	3	39.75	3.75	2.68	39.9	3	06/20/2011
3243	8.8265	0	193.13	247.46		1	1	21.88	BX	193.13	608826	0	11.31	LB	 42188-1-01	BEEF, BNLS SHORT RIB 123D 3" N			21.88	2	20	11.31	8.8265	21.88	2	06/20/2011
3243	6.8793	0	147.22	177.41		2	1	21.4	BX	147.22	608826	0	8.29	LB	 38035-1-01	BEEF, TERES MAJOR STEAK 2-OZ			21.4	2	20	8.29	6.8793	21.4	2	06/20/2011
3243	4.73	0	185.42	232.46		3	1	39.2	BX	185.42	608826	0	5.93	LB	 37359-1-01	BEEF, FLANK STEAK SKINNED CH			39.2	3	30	5.93	4.73	39.2	3	06/20/2011
3243	10.35	0	846.63	938.25		4	1	81.8	BX	846.63	608826	0	11.47	LB	 11202-1-01	TENDERS, 5/UP 189A PSMO PR			81.8	1	60	11.47	10.35	81.8	1	06/20/2011
3243	14.1889	0	283.49	328.47		5	1	19.98	BX	283.49	608826	0	16.44	LB	 15530-1-01	BEEF, RIB EYE 18-OZ 1112 PR			19.98	2	20.25	16.44	14.1889	19.98	2	06/20/2011
3243	8.5771	0	83.88	93.59		6	1	9.78	BX	83.88	608826	0	9.57	LB	 35746-1-01	BEEF, RIB EYE 8-OZ 1112B 1" CH			9.78	1	10	9.57	8.5771	9.78	1	06/20/2011
3243	11.2592	0	118.67	137.97		7	1	10.54	BX	118.67	608826	0	13.09	LB	 39626-1-01	BEEF, RIB CHOP 16-OZ FRD ANGUS			10.54	1	10	13.09	11.2592	10.54	1	06/20/2011
3243	18.843	0	189.56	218.4		8	1	10.06	BX	189.56	608826	0	21.71	LB	 39450-1-01	FILET, 8-OZ CC 1190B ANGUS			10.06	1	10	21.71	18.843	10.06	1	06/20/2011
3243	9.3833	0	190.1	222.05		9	1	20.26	BX	190.1	608826	0	10.96	LB	 39054-1-01	BEEF, T-BONE 16-OZ 1" ANGUS			20.26	2	20	10.96	9.3833	20.26	2	06/20/2011
3243	16.97	0	170.38	196.58		10	1	10.04	BX	170.38	608826	0	19.58	LB	 39474-1-01	FILET, 8-OZ 1190A ANGUS			10.04	1	10	19.58	16.97	10.04	1	06/20/2011
3243	10.4136	0	332.81	387.67		11	1	31.96	BX	332.81	608826	0	12.13	LB	 39304-1-01	STRIPSTK, 14-OZ CC BNLS ANG			31.96	3	31.5	12.13	10.4136	31.96	3	06/20/2011
3243	16.1136	0	1002.58	1151.07		12	1	62.22	BX	1002.58	608826	0	18.5	LB	 35152-1-01	FILET, 8-OZ 1190A CH			62.22	6	60	18.5	16.1136	62.22	6	06/20/2011
3243	4.15	0	67.23	75.33		13	1	16.2	BX	67.23	608826	0	4.65	LB	 34516-1-01	BEEF, CULOTTE 184D PEELED CLND			16.2	1	20	4.65	4.15	16.2	1	06/20/2011
3243	5.7412	0	373.75	458.96		14	1	65.1	BX	373.75	608826	0	7.05	LB	 34547-1-01	BEEF,TOP BUTT 6-OZ CC 1184B			65.1	6	63	7.05	5.7412	65.1	6	06/20/2011
3243	16.1136	0	160.81	184.63		15	1	9.98	BX	160.81	608826	0	18.5	LB	 35086-1-01	FILET, 8-OZ 1190A FC CH			9.98	1	10	18.5	16.1136	9.98	1	06/20/2011
3243	10.4136	0	109.34	124.22		16	1	10.5	BX	109.34	608826	0	11.83	LB	 39312-1-01	STRIPSTK, 12-OZ CC BNLS ANGS			10.5	1	10.5	11.83	10.4136	10.5	1	06/20/2011
3243	5.6095	0	119.37	146.83		17	1	21.28	BX	119.37	608826	0	6.9	LB	 39766-1-01	BEEF, TOP BUTT 12-OZ BASEBALL			21.28	2	21	6.9	5.6095	21.28	2	06/20/2011
3243	15.11	0	1197.01	1364.96		18	1	79.22	BX	1197.01	608826	0	17.23	LB	 42316-1-01	FILET, 8-OZ 1190A E/E SEL			79.22	8	80	17.23	15.11	79.22	8	06/20/2011
3243	7.5	0	93.9	118.94		19	1	12.52	BX	93.9	608826	0	9.5	LB	 34118-1-01	STRIPSTK, 10-OZ CC BNLS 1" CH			12.52	1	12.5	9.5	7.5	12.52	1	06/20/2011
3243	8.04	0	369.84	390.54		20	1	46	BX	369.84	608826	0	8.49	LB	 32265-1-01	TENDERS, 5/UP PSMO 189A CH			46	1	30	8.49	8.04	46	1	06/20/2011
3243	4.9386	0	60.35	73.08		21	1	12.22	BX	60.35	608826	0	5.98	LB	 34546-1-01	BEEF, CULOTTE 8-OZ IND VAC			12.22	1	12	5.98	4.9386	12.22	1	06/20/2011
3243	6.8793	0	66.32	79.92		22	1	9.64	BX	66.32	608826	0	8.29	LB	 38037-1-01	BEEF, TERES MAJOR STEAK 8-OZ			9.64	1	10	8.29	6.8793	9.64	1	06/20/2011
3243	10.1556	0	123.49	143.97		23	1	12.16	BX	123.49	608826	0	11.84	LB	 35534-1-01	BEEF, RIB CHOP 18/20-OZ BI CH			12.16	1	12.5	11.84	10.1556	12.16	1	06/20/2011
3243	2.49	0	57.34	63.56		24	1	23.03	BX	57.34	608826	0	2.76	LB	 66355-1-01	PORK, BELLIE RIND OFF 2/BX			23.03	1	15	2.76	2.49	23.03	1	06/20/2011
3243	7.2683	0	177.92	216.65		25	1	24.48	BX	177.92	608826	0	8.85	LB	 14508-1-01	BEEF, BASEBALL STK 8-OZ C/OFF			24.48	2	24	8.85	7.2683	24.48	2	06/20/2011
3243	10.5	0	1550.85	2038.26		26	1	147.7	BX	1550.85	608826	0	13.8	LB	 35316-1-01	FILET, 8-OZ 1190A 1ST CUT CH			147.7	12	144	13.8	10.5	147.7	12	06/20/2011
3243	7.5	0	157.2	199.12		27	1	20.96	BX	157.2	608826	0	9.5	LB	 34323-1-01	STRIPSTK, 8-OZ CC BNLS 1" CH			20.96	2	20	9.5	7.5	20.96	2	06/20/2011
3243	4.9386	0	352.51	426.85		28	1	71.38	BX	352.51	608826	0	5.98	LB	 34587-1-01	BEEF, CULOTTE 8-OZ IND VAC CH			71.38	7	70	5.98	4.9386	71.38	7	06/20/2011
3243	16.6802	0	667.55	759.98		29	1	40.02	BX	667.55	608826	0	18.99	LB	 42283-1-01	FILET, 5-OZ 1190B CC SEL	2 CASES BULK VACD		40.02	4	40	18.99	16.6802	40.02	4	06/20/2011
3243	16.1136	0	1922.04	2206.68		30	1	119.28	BX	1922.04	608826	0	18.5	LB	 38110-1-01	FILET, 6-OZ 1190A E/E CH			119.28	12	117	18.5	16.1136	119.28	12	06/20/2011
3243	14.9929	0	470.18	534.69		31	1	31.36	BX	470.18	608826	0	17.05	LB	 32232-1-01	TENDERS, 3.5/UP 190A CH			31.36	2	28	17.05	14.9929	31.36	2	06/20/2011
3243	9.5655	0	101.39	117.13		32	1	10.6	BX	101.39	608826	0	11.05	LB	 42612-1-01	BEEF, RIB CHOP 16-OZ SEL			10.6	1	10	11.05	9.5655	10.6	1	06/20/2011
3243	1.6	0	176	341		33	1	110	BX	176	608826	0	3.1	LB	 37503-1-01	BEEF TENDERLOIN PIECES POMPEI			110	11	110	3.1	1.6	110	11	06/20/2011
3243	17.8676	0	1511.24	1631.55		34	1	84.58	BX	1511.24	608826	0	19.29	LB	 35322-1-01	FILET, 8-OZ 1190B CC CH	150 PCS BULK VACD		84.58	7	49	19.29	17.8676	84.58	7	06/20/2011
3243	12.0081	0	95.34	112.19		35	1	7.94	BX	95.34	608826	0	14.13	LB	 55286-1-01	LAMB, P-HOUSE 6-OZ NT CH			7.94	1	7.5	14.13	12.0081	7.94	1	06/20/2011
3243	5.85	0	90.68	100.6		36	1	15.5	BX	90.68	608826	0	6.49	LB	 43766-1-01	BEEF, OUTER SKIRTS SKD &			15.5	1	15	6.49	5.85	15.5	1	06/20/2011
3243	9.5655	0	305.52	331.54		37	1	31.94	BX	305.52	608826	0	10.38	LB	 35700-1-01	BEEF, RIB CHOP 16-OZ 1103 CH			31.94	3	30	10.38	9.5655	31.94	3	06/20/2011
3243	6.3474	0	143.96	184.39		38	1	22.68	BX	143.96	608826	0	8.13	LB	 35552-1-01	FLAT IRON STK 6-OZ FRESH CH			22.68	2	21	8.13	6.3474	22.68	2	06/20/2011
3243	4.05	0	378.31	424.97		39	1	93.4	BX	378.31	608826	0	4.55	LB	 37312-1-01	BEEF, CULOTTE PLD CHOICE			93.4	12	120	4.55	4.05	93.4	12	06/20/2011
3243	7.5	0	76.65	86.87		40	1	10.22	BX	76.65	608826	0	8.5	LB	 38230-1-01	STRIPSTK, 10-OZ 1180A CC CH			10.22	1	10	8.5	7.5	10.22	1	06/20/2011
3243	6.8294	0	81.27	99.13		41	1	11.9	BX	81.27	608826	0	8.33	LB	 14582-1-01	BEEF, TOP BUTT 8-OZ 1184B PR			11.9	1	12	8.33	6.8294	11.9	1	06/20/2011
3243	5.74	0	195.16	212.16		42	1	34	BX	195.16	608826	0	6.24	LB	 39907-1-01	BEEF, RIB EYE 14.5/UP 112A ANG			34	1	26	6.24	5.74	34	1	06/20/2011
3243	5.9136	0	350.67	430.52		43	1	59.3	BX	350.67	608826	0	7.26	LB	 14000-1-01	LONDON BROIL(CULOTTE) 28-32 OZ			59.3	4	64	7.26	5.9136	59.3	4	06/20/2011
3243	16.1136	0	175.64	201.65		44	1	10.9	BX	175.64	608826	0	18.5	LB	 35191-1-01	FILET, 6-OZ 1190A CH			10.9	1	10.5	18.5	16.1136	10.9	1	06/20/2011
3243	4.95	0	247.5	294.5		45	1	50	BX	247.5	608826	0	5.89	LB	 35856-1-01	BEEF, CUBE STEAK 4-OZ 40/BX			50	5	30	5.89	4.95	50	5	06/20/2011
3243	7.5	0	309.6	392.16		46	1	41.28	BX	309.6	608826	0	9.5	LB	 38505-1-01	STRIPSTK, 6-OZ CC 1180A CH			41.28	4	39	9.5	7.5	41.28	4	06/20/2011
3243	15.9955	0	158.04	179.42		47	1	9.88	BX	158.04	608826	0	18.16	LB	 14227-1-01	STRIPSTK, 16-OZ CC 1" PR			9.88	1	10	18.16	15.9955	9.88	1	06/20/2011
3243	17.8676	0	371.64	425.78		48	1	20.8	BX	371.64	608826	0	20.47	LB	 38114-1-01	FILET, 8-OZ 1190B CC CH			20.8	2	20	20.47	17.8676	20.8	2	06/20/2011
3243	7.35	0	73.5	94.5		49	1	10	BX	73.5	608826	0	9.45	LB	 36022-1-01	BEEF, T-BONE 16-OZ 1" CH			10	1	10	9.45	7.35	10	1	06/20/2011
3243	6.2158	0	62.28	83.97		50	1	10.02	BX	62.28	608826	0	8.38	LB	 35102-1-01	BEEF, 8-OZ CHK SHORT RIB BNLS			10.02	1	10	8.38	6.2158	10.02	1	06/20/2011
3243	4.6143	0	189.38	255.68		51	1	41.04	BX	189.38	608826	0	6.23	LB	 65874-1-01	PORK, 8-OZ RIB CHOP CC FRENCHD			41.04	4	40	6.23	4.6143	41.04	4	06/20/2011
3243	4.6143	0	95.42	128.84		52	1	20.68	BX	95.42	608826	0	6.23	LB	 65876-1-01	PORK, 10-OZ RIB CHOP CC FRNCHD			20.68	2	20	6.23	4.6143	20.68	2	06/20/2011
3243	2.32	0	221.1	260.17		53	1	95.3	BX	221.1	608826	0	2.73	LB	 65981-1-01	PORK, LOIN TENDR OUT CC 11-RIB			95.3	4	112	2.73	2.32	95.3	4	06/20/2011
3243	0.93	0	88.25	101.54		54	1	94.9	BX	88.25	608826	0	1.07	LB	 48504-1-01	BEEF, BONES CUT - MARROW BONES			94.9	2	70	1.07	0.93	94.9	2	06/20/2011
3243	2.18	0	436	512		55	1	200	BX	436	608826	0	2.56	LB	 56850-1-01	VEAL, KNUCKLE BONES			200	4	200	2.56	2.18	200	4	06/20/2011
3243	1.14	0	68.4	80.4		56	1	60	BX	68.4	608826	0	1.34	LB	 66014-1-01	PORK, HOCKS SMOKED			60	2	60	1.34	1.14	60	2	06/20/2011
3243	6.3474	0	65.89	84.39		57	1	10.38	BX	65.89	608826	0	8.13	LB	 35542-1-01	FLAT IRON STK 8-OZ FRESH CH			10.38	1	10	8.13	6.3474	10.38	1	06/20/2011
3243	4.7	0	157.92	170.02		58	1	33.6	BX	157.92	608826	0	5.06	LB	 33719-1-01	STRIPLOIN, 13/UP 1X1 BNL CH			33.6	1	26	5.06	4.7	33.6	1	06/20/2011
3243	5.7412	0	119.18	132.24		59	1	20.76	BX	119.18	608826	0	6.37	LB	 33164-1-01	TOP BUTT, 10-OZ 1184B HALF CH			20.76	2	20	6.37	5.7412	20.76	2	06/20/2011
3243	16.1136	0	327.1	353.63		60	1	20.3	BX	327.1	608826	0	17.42	LB	 33135-1-01	FILET, 6-OZ 1190A CH			20.3	2	19.5	17.42	16.1136	20.3	2	06/20/2011
3587	25.3864	32.5	959.61	1228.5		1	1	37.8	BX	959.61	608828	0	32.5	LB	 15234-1-01	FILET, 8-OZ 1190B BARREL CUT			37.8	3	36	32.5	25.3864	37.8	3	06/20/2011
3587	4	11.5	154.16	443.21		2	1	38.54	BX	154.16	608828	0	11.5	LB	 14145-1-01	STRIPSTK, 12-OZ BNLS VN 1 SIDE			38.54	2	37.5	11.5	4	38.54	2	06/20/2011
3587	10.5	16.95	315.21	508.84		3	1	30.02	BX	315.21	608828	0	16.95	LB	 15553-1-01	BEEF, FILET OF RIB EYE 8-OZ PR			30.02	3	30	16.95	10.5	30.02	3	06/20/2011
4078	8.3	9.35	684.75	771.38		1	1	82.5	PC	684.75	608841	0	9.35	LB	 11312-1-01	BEEF, RIB EYE 12/15 2"LIP PR	NO LARGER THAN 15 LBS EACH		82.5	6	90	9.35	8.3	82.5	1	06/20/2011
1006	12	0	124.32	134.68		1	1	10.36	BX	124.32	608846	0	13	LB	 14600-1-01	STRIPSTK, 8-OZ CC BNLS NV 1" P			10.36	1	10	13	12	10.36	1	06/20/2011
1006	16.1136	0	64.45	90		2	1	4	BX	64.45	608846	0	22.5	LB	 35197-1-01	FILET, 6-OZ 1190A CH	12 PIECES PER BOX		4	1	4.5	22.5	16.1136	4	1	06/20/2011
1006	43.93	0	175.72	232		3	1	4	BX	175.72	608846	0	58	BX	 82427-1-01	BEEF, TENDER TAIL 1190A			4	4	4	58	43.93	4	4	06/20/2011
1006	4.9386	0	50.27	73.81		4	1	10.18	BX	50.27	608846	0	7.25	LB	 34546-1-01	BEEF, CULOTTE 8-OZ IND VAC			10.18	1	12	7.25	4.9386	10.18	1	06/20/2011
1006	5	0	64.6	80.75		5	1	12.92	BX	64.6	608846	0	6.25	LB	 15558-1-01	BEEF, RIB EYE 8-OZ 1112 PR			12.92	1	12	6.25	5	12.92	1	06/20/2011
