CustomerCode	DefaultCost	DefaultPrice	ExtendedCost	ExtendedPrice	FilledDescription	LineNumber	LineType	LineWeight	OrderByUM	LotTotalCost	OrderNumber	OverrideCost	OverridePrice	PricingUM	ProductCode	ProductDescription	ProductText1	ProductText2	Quantity_Pricing	Quantity_Ordered	Quantity_Estimated	UnitPrice	UnitCost	LotQuantity_Prc	LotQuantity_Alt	OrderDate
938	0.93	1.02	75.89	83.23		1	1	81.6	BX	75.89	593060	0	1.02	LB	 48504-1-01	BEEF, BONES CUT - MARROW BONES			81.6	2	70	1.02	0.93	81.6	2	11/12/2010
938	2.33	2.63	112.42	126.9		2	1	48.25	BX	112.42	593060	0	2.63	LB	 66634-1-01	PORK, LOIN BNLS LIP OFF			48.25	1	30	2.63	2.33	48.25	1	11/12/2010
938	4.55	8.35	43.04	78.99		3	1	9.46	BX	43.04	593060	0	8.35	LB	 31121-1-01	BEEF, RIB CAP MEAT PR			9.46	1	10	8.35	4.55	9.46	1	11/12/2010
938	7.05	8.05	432.87	494.27		4	1	61.4	BX	432.87	593060	0	8.05	LB	 44205-1-01	BEEF, BNLS SHORT RIB 123D NVL			61.4	6	174	8.05	7.05	61.4	6	11/12/2010
938	3.82	4.08	110.7	122.4		5	1	30	BX	110.7	593060	0	4.08	LB	 66251-1-01	BACON, BITS			30	3	30	4.08	3.82	30	3	11/12/2010
938	3.55	3.88	526.12	575.02		6	1	148.2	BX	526.12	593060	0	3.88	LB	 66512-1-01	PORK, BACKRIBS 1 3/4DN SKD			148.2	5	150	3.88	3.55	148.2	5	11/12/2010
938	2.6	2.93	81.46	91.8		7	1	31.33	BX	81.46	593060	0	2.93	LB	 66507-1-01	PORK, 2/DN ST. LOUIS			31.33	1	30	2.93	2.6	31.33	1	11/12/2010
938	8	10.85	274.4	372.16		8	1	34.3	BX	274.4	593060	0	10.85	LB	 16818-1-01	STRIPSTK, 14-OZ BNLS VN 1 SIDE			34.3	4	35	10.85	8	34.3	4	11/12/2010
938	7.2	10.05	202.61	282.81		9	1	28.14	BX	202.61	593060	0	10.05	LB	 36058-1-01	BEEF, P-HOUSE 22-OZ 1" CH			28.14	2	27.5	10.05	7.2	28.14	2	11/12/2010
938	7	8.5	272.58	330.99		10	1	38.94	BX	272.58	593060	0	8.5	LB	 32247-1-01	BEEF, TENDER TAILS 1190A CH			38.94	3	36	8.5	7	38.94	3	11/12/2010
938	11.0797	13.15	63.38	75.22		11	1	5.72	BX	63.38	593060	0	13.15	LB	 55256-1-01	LAMB, P-HOUSE 6-OZ NT CH			5.72	1	5.6	13.15	11.0797	5.72	1	11/12/2010
938	12	14.95	127.2	158.47		12	1	10.6	BX	127.2	593060	0	14.95	LB	 14600-1-01	STRIPSTK, 8-OZ CC BNLS NV 1" P			10.6	1	10	14.95	12	10.6	1	11/12/2010
938	15.41	17.25	690.67	773.15		13	1	44.82	BX	690.67	593060	0	17.25	LB	 42361-1-01	FILET, 7-OZ 1190 WILDFIRE SEL			44.82	5	43.75	17.25	15.41	44.82	5	11/12/2010
938	15.41	17.25	1371.19	1534.91		14	1	88.98	BX	1371.19	593060	0	17.25	LB	 42363-1-01	FILET, 10-OZ 1190 WILDFIRE SEL			88.98	7	87.5	17.25	15.41	88.98	7	11/12/2010
938	9.75	11.25	460.4	531.23		15	1	47.22	BX	460.4	593060	0	11.25	LB	 35170-1-01	FILET, 3-OZ 1190A 3/PK			47.22	4	45	11.25	9.75	47.22	4	11/12/2010
938	9.3403	11.3	457.3	553.25		16	1	48.96	BX	457.3	593060	0	11.3	LB	 35712-1-01	BEEF, RIB CHOP 18/20 OZ BI CH			48.96	4	45	11.3	9.3403	48.96	4	11/12/2010
938	7.971	10.85	206.45	281.02		17	1	25.9	BX	206.45	593060	0	10.85	LB	 35959-1-01	BEEF, SKIRT STEAK 14-OZ CC			25.9	3	26.25	10.85	7.971	25.9	3	11/12/2010
938	5.9	6.85	542.21	629.52		18	1	91.9	BX	542.21	593060	0	6.85	LB	 31333-1-01	BEEF, RIB EYE 2" 13 1/2 UP CH			91.9	1	67.5	6.85	5.9	91.9	1	11/12/2010
938	2.24	2.48	71.68	79.36		19	1	32	BX	71.68	593060	0	2.48	LB	 43695-1-01	GROUND BEEF, PATTY 8-OZ 80/20			32	2	32	2.48	2.24	32	2	11/12/2010
938	14.59	17.35	14.59	17.35		20	1	1	BX	14.59	593060	0	17.35	BX	 99005-1-01	PEACHES & CREAM CORN 104795			1	1	1	17.35	14.59	1	1	11/12/2010
3487	9.75	11.25	231.28	266.85		1	1	23.72	BX	231.28	593061	0	11.25	LB	 35170-1-01	FILET, 3-OZ 1190A 3/PK			23.72	2	22.5	11.25	9.75	23.72	2	11/12/2010
3487	2.24	2.48	35.84	39.68		2	1	16	BX	35.84	593061	0	2.48	LB	 43695-1-01	GROUND BEEF, PATTY 8-OZ 80/20			16	1	16	2.48	2.24	16	1	11/12/2010
3487	12	14.95	247.68	308.57		3	1	20.64	BX	247.68	593061	0	14.95	LB	 14600-1-01	STRIPSTK, 8-OZ CC BNLS NV 1" P			20.64	2	20	14.95	12	20.64	2	11/12/2010
437	18.5184	0	652.4	738.07		1	1	35.23	PC	652.4	593062	0	20.95	LB	 16074-1-01	BEEF, P-HOUSE 32-OZ 1" PR			35.23	16	32	20.95	18.5184	35.23	4	11/12/2010
437	0	0	0	0		0	2	0		0	593062	0	0		     0-0-00	CUT P HOUSE TO 36oz			0	0	0	0	0	0	0	11/12/2010
437	2.24	2.95	29.79	39.24		3	1	13.3	BX	29.79	593062	0	2.95	LB	 43694-1-01	GROUND BEEF,PATTY 5.3-OZ 80/20			13.3	1	13.25	2.95	2.24	13.3	1	11/12/2010
437	2.8	4.5	28.5	45		4	1	10	BX	28.5	593062	0	4.5	LB	 44122-1-01	SAUSAGE, 5/1 BRATWURST KELLY			10	1	10	4.5	2.8	10	1	11/12/2010
437	2.96	3.98	44.4	59.7		5	1	15	BX	44.4	593062	0	3.98	LB	 66468-1-01	BACON, 18/22 SYP 15# GRILL RDY			15	1	15	3.98	2.96	15	1	11/12/2010
437	1.8	0	18	35		7	1	10	BX	18	593062	0	3.5	LB	 44190-1-01	SAUSAGE, MILD ITALIAN			10	1	10	3.5	1.8	10	1	11/12/2010
1305	5.12	5.48	3722.76	3984.51		1	1	727.1	PC	3722.76	593063	0	5.48	LB	 22126-1-01	BEEF, EXPORT RIB C.A.B.			727.1	42	672	5.48	5.12	727.1	11	11/12/2010
1305	3.95	4.45	138.21	155.71		2	1	34.99	BX	138.21	593063	0	4.45	LB	 42137-1-01	VIENNA NEW YORK PASTRAMI			34.99	1	30	4.45	3.95	34.99	1	11/12/2010
4150	10.75	11.5	1731.83	1852.65		1	1	161.1	BX	1731.83	593064	0	11.5	LB	 11204-1-01	TENDERS, 6/UP PSMO PR			161.1	2	170	11.5	10.75	161.1	2	11/12/2010
4150	8.6	8.95	373.24	388.43		2	1	43.4	PC	373.24	593064	0	8.95	LB	 55048-1-01	LAMB, RACK 8-RIB WHOLE CRYOVAC			43.4	6	60	8.95	8.6	43.4	2	11/12/2010
4150	15.3368	15.75	159.2	163.49		3	1	10.38	BX	159.2	593064	0	15.75	LB	 56260-1-01	VEAL, RIB CHOP 16-OZ CC FR'D			10.38	1	10	15.75	15.3368	10.38	1	11/12/2010
4150	4.68	6.75	146.86	211.82		4	1	31.38	BX	146.86	593064	0	6.75	LB	 43772-1-01	BEEF, OUTER SKIRT SKD&PIN PR			31.38	2	30	6.75	4.68	31.38	2	11/12/2010
4150	3.83	4.95	109.54	141.57		5	1	28.6	PC	109.54	593064	0	4.95	LB	 11721-1-01	BEEF, TOP BUTT CC PR			28.6	4	32	4.95	3.83	28.6	1	11/12/2010
4150	8.9	8.5	240.75	242.1		6	1	27.05	BX	240.75	593064	0	8.95	LB	 55006-1-01	LAMB, RACK 16/18-OZ NZ			27.05	1	22.5	8.95	8.9	27.05	1	11/12/2010
183	1.96	3.1	83.1	131.44		1	1	42.4	PC	83.1	593065	0	3.1	LB	 66306-1-01	PORK, LOIN BI CC T-OUT			42.4	4	48	3.1	1.96	42.4	1	11/12/2010
183	12.83	13.95	212.98	231.57		2	1	16.6	BX	212.98	593065	0	13.95	LB	 56658-1-01	VEAL, INSIDE RD PROVIMI			16.6	1	15	13.95	12.83	16.6	1	11/12/2010
183	3.45	5.75	51.63	84.81		3	1	14.75	BX	51.63	593065	0	5.75	LB	 56760-1-01	VEAL, LIVER WHL 1/BX			14.75	2	12	5.75	3.45	14.75	2	11/12/2010
183	4.68	6.5	210.6	292.5		4	1	45	BX	210.6	593065	0	6.5	LB	 43766-1-01	BEEF, OUTER SKIRTS SKD &			45	3	45	6.5	4.68	45	3	11/12/2010
183	8.05	8.95	570.75	634.56		5	1	70.9	BX	570.75	593065	0	8.95	LB	 11520-1-01	BEEF, SHORT LOIN #174 PR			70.9	1	90	8.95	8.05	70.9	1	11/12/2010
67	2.9	3	336	360		1	1	120	BX	336	593066	0	3	LB	 78119-1-01	GROUND BEEF, GIBSONS			120	12	120	3	2.9	120	12	11/12/2010
955	3.82	4.08	36.9	40.8		1	1	10	BX	36.9	593067	0	4.08	LB	 66251-1-01	BACON, BITS			10	1	10	4.08	3.82	10	1	11/12/2010
955	3.11	3.8	46.65	57		2	1	15	BX	46.65	593067	0	3.8	LB	 66465-1-01	BACON, 14/17 15# BOX FROZEN			15	1	15	3.8	3.11	15	1	11/12/2010
955	14.59	17.35	14.59	17.35		3	1	1	BX	14.59	593067	0	17.35	BX	 99005-1-01	PEACHES & CREAM CORN 104795			1	1	1	17.35	14.59	1	1	11/12/2010
955	15.41	17.25	139.31	155.94		4	1	9.04	BX	139.31	593067	0	17.25	LB	 42361-1-01	FILET, 7-OZ 1190 WILDFIRE SEL			9.04	1	8.75	17.25	15.41	9.04	1	11/12/2010
3491	19	19.95	351.12	368.68		1	1	18.48	BX	351.12	593068	0	19.95	LB	 14205-1-01	STRIPSTK, 15-OZ CC BNL 1" PR			18.48	2	18.75	19.95	19	18.48	2	11/12/2010
3491	9.75	11.95	228.54	280.11		2	1	23.44	BX	228.54	593068	0	11.95	LB	 35170-1-01	FILET, 3-OZ 1190A 3/PK			23.44	2	22.5	11.95	9.75	23.44	2	11/12/2010
3491	14.45	17.5	397.45	483		3	1	27.6	BX	397.45	593068	0	17.5	LB	 15719-1-01	BEEF, TOMAHAWK CHOP 26/28-OZ			27.6	4	28	17.5	14.45	27.6	4	11/12/2010
3491	4.68	6.25	69.92	93.38		4	1	14.94	BX	69.92	593068	0	6.25	LB	 43772-1-01	BEEF, OUTER SKIRT SKD&PIN PR			14.94	1	15	6.25	4.68	14.94	1	11/12/2010
3491	2.96	3.65	75.9	109.5		5	1	30	BX	75.9	593068	0	3.65	LB	 66468-1-01	BACON, 18/22 SYP 15# GRILL RDY			30	2	30	3.65	2.96	30	2	11/12/2010
3745	3.73	5.95	74.6	119		1	1	20	BX	74.6	593069	0	5.95	LB	 11367-1-01	BEEF, GROUND 4/5# PKGS KOBE			20	1	20	5.95	3.73	20	1	11/12/2010
3745	4.68	7.65	144.8	236.69		2	1	30.94	BX	144.8	593069	0	7.65	LB	 43772-1-01	BEEF, OUTER SKIRT SKD&PIN PR			30.94	2	30	7.65	4.68	30.94	2	11/12/2010
3745	11.0797	14.25	63.38	81.51		3	1	5.72	BX	63.38	593069	0	14.25	LB	 55256-1-01	LAMB, P-HOUSE 6-OZ NT CH			5.72	1	5.6	14.25	11.0797	5.72	1	11/12/2010
3280	15.1833	16.95	155.17	173.23		1	1	10.22	BX	155.17	593070	0	16.95	LB	 16029-1-01	BEEF, T-BONE 16-OZ 1" PR			10.22	1	10	16.95	15.1833	10.22	1	11/12/2010
3280	11.3273	13.5	172.63	205.74		2	1	15.24	BX	172.63	593070	0	13.5	LB	 24154-1-01	STRIPSTK, 12-OZ BNLS CC 1" CAB			15.24	1	15	13.5	11.3273	15.24	1	11/12/2010
3280	11.3273	13.5	228.81	272.7		3	1	20.2	BX	228.81	593070	0	13.5	LB	 24223-1-01	STRIPSTK, 16-OZ BNLS CC 1" CAB			20.2	2	20	13.5	11.3273	20.2	2	11/12/2010
3280	17.8667	18.75	199.75	209.63		4	1	11.18	BX	199.75	593070	0	18.75	LB	 14168-1-01	STRIPSTK, 18-OZ BI NV CC 1" PR			11.18	1	11.25	18.75	17.8667	11.18	1	11/12/2010
3280	16.8829	17.95	1360.09	1429.94		5	1	80.56	BX	1360.09	593070	0	17.75	LB	 15717-1-01	BEEF, RIB CHOP 20/22-OZ FRD PR			80.56	6	78.75	17.75	16.8829	80.56	6	11/12/2010
3280	13.85	15.5	241.82	270.63		6	1	17.46	BX	241.82	593070	0	15.5	LB	 55064-1-01	LAMB, RACK 8-RIB 14/16-OZ AUST			17.46	1	20	15.5	13.85	17.46	1	11/12/2010
3280	4.2214	6.25	42.3	62.63		7	1	10.02	BX	42.3	593070	0	6.25	LB	 66247-1-01	PORK, P-HOUSE 8-OZ 20/BX			10.02	1	10	6.25	4.2214	10.02	1	11/12/2010
3280	17.9594	18.25	181.03	183.96		8	1	10.08	BX	181.03	593070	0	18.25	LB	 56264-1-01	VEAL, RIB CHOP 16-OZ CC			10.08	1	10	18.25	17.9594	10.08	1	11/12/2010
3280	9.08	9.95	693.71	760.18		9	1	76.4	BX	693.71	593070	0	9.95	LB	 11314-1-01	BEEF, RIB EYE 2" 13 1/2 UP PR			76.4	1	67.5	9.95	9.08	76.4	1	11/12/2010
3280	18.5184	18.95	193.33	197.84		10	1	10.44	BX	193.33	593070	0	18.95	LB	 16019-1-01	BEEF, P-HOUSE 28-OZ PR			10.44	1	10.5	18.95	18.5184	10.44	1	11/12/2010
3280	10.75	12.5	4112.96	4686.85		11	1	382.6	BX	4112.96	593070	0	12.25	LB	 11204-1-01	TENDERS, 6/UP PSMO PR			382.6	5	425	12.25	10.75	382.6	5	11/12/2010
3280	14.1968	21.5	426.33	645.65		12	1	30.03	BX	426.33	593070	0	21.5	LB	 35047-1-01	FILET, 12-OZ BI CH			30.03	4	30	21.5	14.1968	30.03	4	11/12/2010
216	15.1833	16.95	155.17	173.23		1	1	10.22	BX	155.17	593071	0	16.95	LB	 16029-1-01	BEEF, T-BONE 16-OZ 1" PR			10.22	1	10	16.95	15.1833	10.22	1	11/12/2010
216	10.5	11.5	1325.1	1451.3		2	1	126.2	PC	1325.1	593071	0	11.5	LB	 11401-1-01	STRIPLOIN, 0X1 BNLS 6/CASE PR			126.2	10	120	11.5	10.5	126.2	2	11/12/2010
216	17.8667	18.75	602.82	632.63		3	1	33.74	BX	602.82	593071	0	18.75	LB	 14168-1-01	STRIPSTK, 18-OZ BI NV CC 1" PR			33.74	3	33.75	18.75	17.8667	33.74	3	11/12/2010
216	17.8667	18.75	241.2	253.13		4	1	13.5	BX	241.2	593071	0	18.75	LB	 14250-1-01	STRIPSTK, 22-OZ BI NV CC 1" PR			13.5	1	13.75	18.75	17.8667	13.5	1	11/12/2010
216	16.8829	17.95	1843.61	1938.3		5	1	109.2	BX	1843.61	593071	0	17.75	LB	 15717-1-01	BEEF, RIB CHOP 20/22-OZ FRD PR			109.2	8	105	17.75	16.8829	109.2	8	11/12/2010
216	13.45	15.5	458.51	528.4		6	1	34.09	BX	458.51	593071	0	15.5	LB	 55014-1-01	LAMB, RACK 8-RIB FR'D 12/14-OZ			34.09	2	20	15.5	13.45	34.09	2	11/12/2010
216	4.2214	6.25	41.45	61.38		7	1	9.82	BX	41.45	593071	0	6.25	LB	 66247-1-01	PORK, P-HOUSE 8-OZ 20/BX			9.82	1	10	6.25	4.2214	9.82	1	11/12/2010
216	17.9594	18.25	184.62	187.61		8	1	10.28	BX	184.62	593071	0	18.25	LB	 56264-1-01	VEAL, RIB CHOP 16-OZ CC			10.28	1	10	18.25	17.9594	10.28	1	11/12/2010
216	9.08	9.95	584.75	640.78		9	1	64.4	PC	584.75	593071	0	9.95	LB	 11314-1-01	BEEF, RIB EYE 2" 13 1/2 UP PR			64.4	4	54	9.95	9.08	64.4	1	11/12/2010
216	18.5184	18.95	195.55	200.11		10	1	10.56	BX	195.55	593071	0	18.95	LB	 16019-1-01	BEEF, P-HOUSE 28-OZ PR			10.56	1	10.5	18.95	18.5184	10.56	1	11/12/2010
216	10.75	12.5	4807.42	5478.2		11	1	447.2	BX	4807.42	593071	0	12.25	LB	 11204-1-01	TENDERS, 6/UP PSMO PR			447.2	6	510	12.25	10.75	447.2	6	11/12/2010
216	12.6	13.25	756	795		12	1	60	BX	756	593071	0	13.25	LB	 77022-1-01	U-10 SHRIMP 4/6 MARKESA			60	2	48	13.25	12.6	60	2	11/12/2010
3217	2.5	0	487.45	1392.16		1	1	194.98	BX	487.45	593072	0	7.14	LB	 35990-1-01	BEEF, TENDER CUBES 1 1/2-OZ CH			194.98	10	180	7.14	2.5	194.98	10	11/12/2010
3217	5.83	0	1110.03	1407.06		2	1	190.4	BX	1110.03	593072	0	7.39	LB	 31350-1-01	BEEF, RIB EYE 15/UP 2" LIP CH			190.4	2	150	7.39	5.83	190.4	2	11/12/2010
3801	17.2123	18.25	174.53	185.06		1	1	10.14	BX	174.53	593073	0	18.25	LB	 14229-1-01	STRIPSTK, 16-OZ BI NV CC 1" PR			10.14	1	10	18.25	17.2123	10.14	1	11/12/2010
3801	17.8793	19.95	274.63	303.36		2	1	15.36	BX	274.63	593073	0	19.75	LB	 35002-1-01	FILET, 10-OZ 1190			15.36	1	15	19.75	17.8793	15.36	1	11/12/2010
3801	6.5	6.95	581.36	621.61		3	1	89.44	BX	581.36	593073	0	6.95	LB	 34963-1-01	BEEF, TENDER MED 2.5-OZ			89.44	7	87.5	6.95	6.5	89.44	7	11/12/2010
3801	2.9	3	308	330		4	1	110	BX	308	593073	0	3	LB	 78119-1-01	GROUND BEEF, GIBSONS			110	11	110	3	2.9	110	11	11/12/2010
3801	3.15	3.45	61	69		5	1	20	BX	61	593073	0	3.45	LB	 11359-1-01	BEEF, PATTIES 4-OZ GIBSONS			20	2	20	3.45	3.15	20	2	11/12/2010
3801	3.5	8	38.36	87.68		6	1	10.96	BX	38.36	593073	0	8	LB	 11443-1-01	STRIPLOIN STK BNLS VI PR			10.96	1	30	8	3.5	10.96	1	11/12/2010
200	8.06	10.25	2033.54	2586.08		1	1	252.3	BX	2033.54	593074	0	10.25	LB	 32243-1-01	BEEF,TENDER 5/UP - STRAIGHT CA			252.3	3	180	10.25	8.06	252.3	3	11/12/2010
200	15.7274	15.6	411.43	408.1		2	1	26.16	BX	411.43	593074	0	15.6	LB	 15524-1-01	BEEF, RIB EYE 14-OZ 1112 PR			26.16	3	26.25	15.6	15.7274	26.16	3	11/12/2010
200	19	22.3	289.18	339.41		3	1	15.22	BX	289.18	593074	0	22.3	LB	 14327-1-01	STRIPSTK, 12-OZ CC BNL 1" PR			15.22	1	15	22.3	19	15.22	1	11/12/2010
4105	17.8793	20.95	1231.17	1442.62		1	1	68.86	PC	1231.17	593075	0	20.95	LB	 33122-1-01	FILET, 8-OZ 1190B CC SM			68.86	130	65	20.95	17.8793	68.86	6	11/12/2010
4105	17.8793	20.95	699.08	819.15		2	1	39.1	PC	699.08	593075	0	20.95	LB	 35030-1-01	FILET, 12-OZ 1190B TAVERN CH			39.1	50	37.5	20.95	17.8793	39.1	3	11/12/2010
4105	16.8829	17.95	1584.13	1684.25		3	1	93.83	PC	1584.13	593075	0	17.95	LB	 15542-1-01	BEEF, RIB CHOP 20/22-OZ FRD PR			93.83	70	96.25	17.95	16.8829	93.83	7	11/12/2010
4105	19	22.45	829.54	980.17		4	1	43.66	PC	829.54	593075	0	22.45	LB	 14189-1-01	STRIPSTK, 14-OZ CC 1" PR			43.66	50	43.75	22.45	19	43.66	5	11/12/2010
878	14.1968	21.5	441.52	668.65		1	1	31.1	BX	441.52	593076	0	21.5	LB	 35082-1-01	FILET, 16-OZ BI CH			31.1	3	30	21.5	14.1968	31.1	3	11/12/2010
878	17.9594	19.95	194.32	215.86		2	1	10.82	BX	194.32	593076	0	19.95	LB	 56246-1-01	VEAL, RIB CHOP 14-OZ CC			10.82	1	10.5	19.95	17.9594	10.82	1	11/12/2010
878	17.8667	19.75	445.95	492.96		3	1	24.96	BX	445.95	593076	0	19.75	LB	 14251-1-01	STRIPSTK, 20-OZ BI NV CC 1" PR			24.96	2	25	19.75	17.8667	24.96	2	11/12/2010
878	21.2875	22.95	639.05	688.96		4	1	30.02	BX	639.05	593076	0	22.95	LB	 14223-1-01	STRIPSTK, 16-OZ CC BNL NV PR			30.02	3	30	22.95	21.2875	30.02	3	11/12/2010
377	7.5	10.5	196.35	274.89		1	1	26.18	BX	196.35	593078	0	10.5	LB	 34187-1-01	STRIPSTK, 14-OZ CC BNLS 1" CH			26.18	3	26.25	10.5	7.5	26.18	3	11/12/2010
377	17.8793	22.55	471.66	594.87		2	1	26.38	BX	471.66	593078	0	22.55	LB	 35095-1-01	FILET, 14-OZ 1190B SK/S OFF			26.38	3	26.25	22.55	17.8793	26.38	3	11/12/2010
377	6.1	6.75	69.66	77.09		3	1	11.42	BX	69.66	593078	0	6.75	LB	 34947-1-01	BEEF, TENDER MED 2-OZ CH PM			11.42	1	10	6.75	6.1	11.42	1	11/12/2010
377	16.13	19.7	928.12	1133.54		4	1	57.54	BX	928.12	593078	0	19.7	LB	 35225-1-01	FILET, 6-OZ 1190A CRAB HSE CH			57.54	4	54	19.7	16.13	57.54	4	11/12/2010
377	9.08	9.95	2207.35	2418.85		5	1	243.1	BX	2207.35	593078	0	9.95	LB	 11316-1-01	BEEF, RIB EYE 12/15 2"LIP PR			243.1	3	252	9.95	9.08	243.1	3	11/12/2010
177	8.56	9.3	4148.18	4506.78		1	1	484.6	BX	4148.18	593079	0	9.3	LB	 32206-1-01	BEEF,TENDER 6/UP DEL FRISCO			484.6	6	432	9.3	8.56	484.6	6	11/12/2010
177	10.5	11.15	813.75	864.13		2	1	77.5	BX	813.75	593079	0	11.15	LB	 11397-1-01	STRIPLOIN, 0X1 BNLS DEL FRISCO			77.5	1	66	11.15	10.5	77.5	1	11/12/2010
177	9.08	9.95	742.74	801.64		3	1	81.8	BX	742.74	593079	0	9.8	LB	 11316-1-01	BEEF, RIB EYE 12/15 2"LIP PR			81.8	1	84	9.8	9.08	81.8	1	11/12/2010
177	18.5184	20.45	279.63	301.25		4	1	15.1	BX	279.63	593079	0	19.95	LB	 16059-1-01	BEEF, P-HOUSE 24-OZ CC NV PR			15.1	1	15	19.95	18.5184	15.1	1	11/12/2010
177	16.8829	18.45	225.89	240.17		5	1	13.38	BX	225.89	593079	0	17.95	LB	 15542-1-01	BEEF, RIB CHOP 20/22-OZ FRD PR			13.38	1	13.75	17.95	16.8829	13.38	1	11/12/2010
177	11.0847	11.95	113.51	122.37		6	1	10.24	BX	113.51	593079	0	11.95	LB	 56608-1-01	VEAL, PORTERHOUSE 16-OZ 10/BX			10.24	1	10	11.95	11.0847	10.24	1	11/12/2010
177	8.87	8.95	90.74	91.56		7	1	10.23	BX	90.74	593079	0	8.95	LB	 66248-1-01	PORK, P-HOUSE 16-OZ DRY AGE			10.23	1	10	8.95	8.87	10.23	1	11/12/2010
177	2.93	3.4	84.9	102		8	1	30	BX	84.9	593079	0	3.4	LB	 43703-1-01	GROUND BEEF, PATTY 10-OZ 75/25			30	2	30	3.4	2.93	30	2	11/12/2010
177	14.1968	20.95	891.27	1315.24		9	1	62.78	BX	891.27	593079	0	20.95	LB	 35081-1-01	FILET, 16-OZ BI CH DEL FRISCO			62.78	6	60	20.95	14.1968	62.78	6	11/12/2010
177	14.45	16.25	220.36	247.81		10	1	15.25	BX	220.36	593079	0	16.25	LB	 15711-1-01	BEEF, RIB CHOP 30/32-OZ			15.25	2	16	16.25	14.45	15.25	2	11/12/2010
177	4.6	0	92	110		11	1	20	BX	92	593079	0	5.5	LB	 44130-1-01	FRANKS, 4X1 KOBE HOT DOGS			20	2	2	5.5	4.6	20	2	11/12/2010
3563	2.74	0	81.38	133.65		1	1	29.7	BX	81.38	593080	0	4.5	LB	 65984-1-01	PORK, TENDERLOIN 1.25# 415			29.7	2	30	4.5	2.74	29.7	2	11/12/2010
2125	7.8	0	56.16	0		1	1	7.2	PC	56.16	593081	0	-1	LB	 42229-1-01	TENDERS, 5/UP PSMO SEL			7.2	1	5	0	7.8	7.2	1	11/12/2010
2125	0	0	0	0		0	2	0		0	593081	0	0		     0-0-00	MRK ATTN BILL			0	0	0	0	0	0	0	11/12/2010
748	6.5	6.95	145.86	155.96		1	1	22.44	BX	145.86	593082	0	6.95	LB	 35106-1-01	BEEF, TENDER MED 2-OZ			22.44	2	20	6.95	6.5	22.44	2	11/12/2010
748	0	0	0	0		0	2	0		0	593082	0	0		     0-0-00	ADD ON			0	0	0	0	0	0	0	11/12/2010
3974	1.56	2.65	12.79	21.73		1	1	8.2	PC	12.79	593083	0	2.65	LB	 66387-1-01	PORK, BUTT BNLS			8.2	1	7	2.65	1.56	8.2	1	11/12/2010
3974	7.2	10.2	99.65	141.17		2	1	13.84	BX	99.65	593083	0	10.2	LB	 36058-1-01	BEEF, P-HOUSE 22-OZ 1" CH			13.84	1	13.75	10.2	7.2	13.84	1	11/12/2010
3974	8	11	68.96	94.82		3	1	8.62	BX	68.96	593083	0	11	LB	 16818-1-01	STRIPSTK, 14-OZ BNLS VN 1 SIDE			8.62	1	8.75	11	8	8.62	1	11/12/2010
478	5.73	6.95	506.53	596.7		1	1	88.4	PC	506.53	593084	0	6.75	LB	 31328-1-01	BEEF, RIB EYE 12/15 2" LIP CH			88.4	6	90	6.75	5.73	88.4	1	11/12/2010
478	6.0342	0	124.79	155.1		2	1	20.68	BX	124.79	593084	0	7.5	LB	 35542-1-01	FLAT IRON STK 8-OZ FRESH CH			20.68	2	20	7.5	6.0342	20.68	2	11/12/2010
478	17.8793	20.95	444.12	509.22		3	1	24.84	BX	444.12	593084	0	20.5	LB	 35028-1-01	FILET, 8-OZ 1190B TAVERN CH			24.84	2	24	20.5	17.8793	24.84	2	11/12/2010
478	6.2941	8.45	77.04	103.43		4	1	12.24	BX	77.04	593084	0	8.45	LB	 14580-1-01	BEEF, TOP BUTT 8-OZ CC PR			12.24	1	12	8.45	6.2941	12.24	1	11/12/2010
478	4.2214	0	86.03	137.57		5	1	20.38	BX	86.03	593084	0	6.75	LB	 66143-1-01	PORK, CHOP 16-OZ CC FR'D 1BN			20.38	2	20	6.75	4.2214	20.38	2	11/12/2010
478	2.24	2.8	69.12	89.6		6	1	32	BX	69.12	593084	0	2.8	LB	 43695-1-01	GROUND BEEF, PATTY 8-OZ 80/20			32	2	32	2.8	2.24	32	2	11/12/2010
3474	3.3636	0	1.68	1.69		1	1	0.5	PC	0	593085	0	3.37	LB	 38411-1-01	BEEF, BALL TIP 8-OZ CH			0.5	1	0.5	3.37	3.3636	0	0	11/12/2010
3474	3.3636	0	1.68	1.69		2	1	0.5	PC	0	593085	0	3.37	LB	 38413-1-01	BEEF, BALL TIP 12-OZ CH			0.5	1	0.5	3.37	3.3636	0	0	11/12/2010
3474	0	0	0	0		0	2	0		0	593085	0	0		     0-0-00	MRK BX SHORTSTOP			0	0	0	0	0	0	0	11/12/2010
3640	5.7647	0	5.76	5.77		1	1	1	PC	0	593086	0	5.77	LB	 34540-1-01	BEEF, TOP BUTT 8-OZ 1184B CH			1	2	1	5.77	5.7647	0	0	11/12/2010
3640	5.7647	0	5.76	5.77		2	1	1	PC	0	593086	0	5.77	LB	 34548-1-01	BEEF,TOP BUTT 8-OZ CC 1184B			1	2	1	5.77	5.7647	0	0	11/12/2010
3640	0	0	0	0		0	2	0		0	593086	0	0		     0-0-00	MRK BX STONEFIRE REST&PUB			0	0	0	0	0	0	0	11/12/2010
4107	3.7971	4.65	76.7	93.93		1	1	20.2	BX	76.7	593087	0	4.65	LB	 66054-1-01	PORK, 6-OZ CHOP BONELESS			20.2	2	19.5	4.65	3.7971	20.2	2	11/12/2010
4107	4.68	6.75	143.58	207.09		2	1	30.68	BX	143.58	593087	0	6.75	LB	 43772-1-01	BEEF, OUTER SKIRT SKD&PIN PR			30.68	2	30	6.75	4.68	30.68	2	11/12/2010
4107	5.7647	7.45	388.08	501.53		3	1	67.32	BX	388.08	593087	0	7.45	LB	 34527-1-01	BEEF, TOP BUTT 11-OZ CC CH			67.32	4	66	7.45	5.7647	67.32	4	11/12/2010
4107	10.3856	11.75	611.5	691.84		4	1	58.88	BX	611.5	593087	0	11.75	LB	 35512-1-01	BEEF, RIB EYE 12-OZ 1112 CH			58.88	4	60	11.75	10.3856	58.88	4	11/12/2010
3040	9.75	11.65	116.03	138.64		1	1	11.9	BX	116.03	593088	0	11.65	LB	 35171-1-01	FILET, 3-OZ 1190A 3/PK			11.9	1	11.25	11.65	9.75	11.9	1	11/12/2010
3040	8.2333	10.25	92.87	115.62		2	1	11.28	BX	92.87	593088	0	10.25	LB	 34241-1-01	STRIPSTK, 18-OZ CC BI NV 1" CH			11.28	1	11.25	10.25	8.2333	11.28	1	11/12/2010
3040	13.4844	16.95	411	516.64		3	1	30.48	BX	411	593088	0	16.95	LB	 35998-1-01	FILET, 10-OZ 1189A FC SK/S ON			30.48	2	30	16.95	13.4844	30.48	2	11/12/2010
3418	5.1657	0	5.84	5.84		1	1	1.13	PC	0	593089	0	5.17	LB	 34558-1-01	BEEF, CULOTTE 6-OZ IND VAC CH			1.13	3	1.13	5.17	5.1657	0	0	11/12/2010
3418	5.1657	0	7.75	7.76		2	1	1.5	PC	0	593089	0	5.17	LB	 34587-1-01	BEEF, CULOTTE 8-OZ IND VAC CH			1.5	3	1.5	5.17	5.1657	0	0	11/12/2010
3418	5.1657	0	9.71	9.72		3	1	1.88	PC	0	593089	0	5.17	LB	 35409-1-01	BEEF, CULOTTE 10-OZ 1184D CH			1.88	3	1.88	5.17	5.1657	0	0	11/12/2010
3418	0	0	0	0		0	2	0		0	593089	0	0		     0-0-00	MRK BX FALATICS MEAT MARKET			0	0	0	0	0	0	0	11/12/2010
3451	0.05	0	102.5	102.5		1	1	2050	LB	102.5	593090	0	0.05	LB	 41101-1-01	BEEF, FAT EDIBLE			2050	2	2	0.05	0.05	2050	2	11/12/2010
3451	0.01	0	31.38	31.38		2	1	3138	BX	31.38	593090	0	0.01	LB	 48506-1-01	BEEF, BONES MIXED			3138	2	100	0.01	0.01	3138	2	11/12/2010
3801	17.8793	0	224.21	247.67		1	1	12.54	BX	224.21	593091	0	19.75	LB	 33122-1-01	FILET, 8-OZ 1190B CC SM			12.54	1	12	19.75	17.8793	12.54	1	11/12/2010
4152	29.83	33	2145.97	2374.02		1	1	71.94	BX	2145.97	593092	0	33	LB	 15305-1-01	FILET, 14-OZ BI PR			71.94	8	70	33	29.83	71.94	8	11/12/2010
4152	2.83	3.55	135.84	170.4		2	1	48	BX	135.84	593092	0	3.55	LB	 11361-1-01	GROUND BEEF, 8/2# BULK 75/25			48	3	48	3.55	2.83	48	3	11/12/2010
4152	17.9594	19.5	1874.61	2035.41		3	1	104.38	BX	1874.61	593092	0	19.5	LB	 56208-1-01	VEAL, RIB CHOP 10-OZ			104.38	10	100	19.5	17.9594	104.38	10	11/12/2010
4152	17.1801	18.95	673.63	805.38		4	1	42.5	BX	673.63	593092	0	18.95	LB	 55210-1-01	LAMB, RIB CHOP 2-RIB LONG BONE			42.5	8	80	18.95	17.1801	42.5	8	11/12/2010
4152	21.2875	22.25	2615.8	2734.08		5	1	122.88	BX	2615.8	593092	0	22.25	LB	 14142-1-01	STRIPSTK, 12-OZ CC NV 1" PR			122.88	8	120	22.25	21.2875	122.88	8	11/12/2010
4152	17.8667	19.95	1605.86	1793.11		6	1	89.88	BX	1605.86	593092	0	19.95	LB	 14168-1-01	STRIPSTK, 18-OZ BI NV CC 1" PR			89.88	8	90	19.95	17.8667	89.88	8	11/12/2010
4152	21.2875	22.25	1178.9	1232.21		7	1	55.38	BX	1178.9	593092	0	22.25	LB	 14270-1-01	STRIPSTK, 30-OZ CC NV 1" TL PR			55.38	3	56.25	22.25	21.2875	55.38	3	11/12/2010
4152	18.5184	19.5	1397.4	1471.47		8	1	75.46	BX	1397.4	593092	0	19.5	LB	 16060-1-01	BEEF, P-HOUSE 24-OZ 1" PR 			75.46	5	75	19.5	18.5184	75.46	5	11/12/2010
4152	16.8829	17.75	1843.29	1937.95		9	1	109.18	BX	1843.29	593092	0	17.75	LB	 15717-1-01	BEEF, RIB CHOP 20/22-OZ FRD PR			109.18	8	105	17.75	16.8829	109.18	8	11/12/2010
4152	6.2941	8.75	916.29	1273.83		10	1	145.58	BX	916.29	593092	0	8.75	LB	 14520-1-01	BEEF, TOP BUTT 12-OZ CC PR			145.58	8	144	8.75	6.2941	145.58	8	11/12/2010
4152	4.2214	6.25	258.02	382		11	1	61.12	BX	258.02	593092	0	6.25	LB	 66149-1-01	PORK, P-HOUSE 16-OZ 10/BX			61.12	6	60	6.25	4.2214	61.12	6	11/12/2010
4152	26.5185	28.95	3415.05	3728.18		12	1	128.78	BX	3415.05	593092	0	28.95	LB	 15233-1-01	FILET, 8-OZ 1190B CC NY PR			128.78	10	120	28.95	26.5185	128.78	10	11/12/2010
3671	3.5	0	38.22	87.36		1	1	10.92	BX	38.22	593093	0	8	LB	 11443-1-01	STRIPLOIN STK BNLS VI PR			10.92	1	30	8	3.5	10.92	1	11/12/2010
3671	2.9	3	196	210		2	1	70	BX	196	593093	0	3	LB	 78119-1-01	GROUND BEEF, GIBSONS			70	7	70	3	2.9	70	7	11/12/2010
1422	7.5	0	158.7	174.57		1	1	21.16	BX	158.7	593094	0	8.25	LB	 34208-1-01	STRIPSTK, 12-OZ CC NV CH			21.16	2	21	8.25	7.5	21.16	2	11/12/2010
1422	7.5	0	153.45	168.8		2	1	20.46	BX	153.45	593094	0	8.25	LB	 34109-1-01	STRIPSTK, 16-OZ CC NV CH			20.46	2	20	8.25	7.5	20.46	2	11/12/2010
1422	9.57	0	1472.82	1500.53		3	1	153.9	BX	1472.82	593094	0	9.75	LB	 32212-1-01	TENDERS, 5/UP 189A PSMO CH			153.9	2	120	9.75	9.57	153.9	2	11/12/2010
1955	4.33	7.1	52.83	86.62		1	1	12.2	PC	52.83	593095	0	7.1	LB	 21402-1-01	STRIPLOIN, 1X1 12/14 BNLS CAB			12.2	1	12	7.1	4.33	12.2	1	11/12/2010
1955	11.6967	14.35	135.92	166.75		2	1	11.62	BX	135.92	593095	0	14.35	LB	 25530-1-01	BEEF, RIB CHOP 16/18-OZ BI CAB			11.62	1	10.63	14.35	11.6967	11.62	1	11/12/2010
1955	5.6477	0	83.02	116.87		3	1	14.7	BX	83.02	593095	0	7.95	LB	 14541-1-01	TOP BUTT CAP (LONDON BROIL) PR			14.7	1	13	7.95	5.6477	14.7	1	11/12/2010
3401	9.57	0	2274.78	2338.97		1	1	237.7	BX	2274.78	593096	0	9.84	LB	 32212-1-01	TENDERS, 5/UP 189A PSMO CH			237.7	3	180	9.84	9.57	237.7	3	11/12/2010
3401	6.65	0	549.29	588.11		2	1	82.6	BX	549.29	593096	0	7.12	LB	 31325-1-01	BEEF, RIB EYE 16.5/DN 2" HS MP			82.6	1	99	7.12	6.65	82.6	1	11/12/2010
3401	8.85	0	136.82	143.16		3	1	15.46	BX	136.82	593096	0	9.26	LB	 36064-1-01	BEEF, P-HOUSE 24-OZ 1" TL MP			15.46	1	15	9.26	8.85	15.46	1	11/12/2010
3401	9.3403	0	403.32	519.89		4	1	43.18	BX	403.32	593096	0	12.04	LB	 35722-1-01	BEEF, RIB CHOP 22-OZ MP			43.18	3	41.25	12.04	9.3403	43.18	3	11/12/2010
3266	3.5	0	70.56	125.8		1	1	20.16	BX	70.56	593097	0	6.24	LB	 34144-1-01	STRIPSTK, 16-OZ VEIN IN			20.16	2	20	6.24	3.5	20.16	2	11/12/2010
3266	3.5	0	254.59	453.9		2	1	72.74	BX	254.59	593097	0	6.24	LB	 36831-1-01	BEEF, VEIN STK 12-OZ USFOOD CH			72.74	6	72	6.24	3.5	72.74	6	11/12/2010
3266	3.5	0	357.63	637.6		3	1	102.18	BX	357.63	593097	0	6.24	LB	 36826-1-01	BEEF, STRIP LOIN STK 8-OZ CH			102.18	10	100	6.24	3.5	102.18	10	11/12/2010
3217	3.46	0	47.4	58.23		1	1	13.7	BX	47.4	593098	0	4.25	LB	 39915-1-01	BEEF, TOP BUTT 13# 184 ANGUS			13.7	1	13	4.25	3.46	13.7	1	11/12/2010
3217	6.123	0	310.43	376.7		2	1	50.7	BX	310.43	593098	0	7.43	LB	 34550-1-01	BEEF,TOP BUTT 4-OZ CC BASEBALL			50.7	5	50	7.43	6.123	50.7	5	11/12/2010
3217	2.85	0	171	180		3	1	60	BX	171	593098	0	3	LB	 43941-1-01	BEEF DICED STEW 1X1 HAND CUT			60	6	60	3	2.85	60	6	11/12/2010
3217	7.5	0	130.65	163.4		4	1	17.42	BX	130.65	593098	0	9.38	LB	 38511-1-01	STRIPSTK,12-OZ CC CHOICE			17.42	2	21	9.38	7.5	17.42	2	11/12/2010
3217	5.1657	0	53.62	71.41		5	1	10.38	BX	53.62	593098	0	6.88	LB	 34587-1-01	BEEF, CULOTTE 8-OZ IND VAC CH			10.38	1	10	6.88	5.1657	10.38	1	11/12/2010
3217	6.5	0	71.5	106.04		6	1	11	BX	71.5	593098	0	9.64	LB	 35106-1-01	BEEF, TENDER MED 2-OZ			11	1	10	9.64	6.5	11	1	11/12/2010
3217	4.0741	0	105.85	126.78		7	1	25.98	BX	105.85	593098	0	4.88	LB	 35857-1-01	BEEF, CUBE STEAK 4-OZ			25.98	2	25	4.88	4.0741	25.98	2	11/12/2010
3217	3.3636	0	34.21	42.41		8	1	10.17	BX	34.21	593098	0	4.17	LB	 38412-1-01	BEEF, BALL TIP 10-OZ CH			10.17	1	10	4.17	3.3636	10.17	1	11/12/2010
3217	3.3636	0	33.17	41.12		9	1	9.86	BX	33.17	593098	0	4.17	LB	 38411-1-01	BEEF, BALL TIP 8-OZ CH			9.86	1	10	4.17	3.3636	9.86	1	11/12/2010
3217	3.7971	0	38.73	51.2		10	1	10.2	BX	38.73	593098	0	5.02	LB	 65902-1-01	PORK, 4-OZ LOIN CHOP CC SM			10.2	1	10	5.02	3.7971	10.2	1	11/12/2010
912	15.7866	19.94	283.53	355.79		1	1	17.96	BX	283.53	593099	0	19.81	LB	 16084-1-01	BEEF, P-HOUSE 48-OZ MORTON PR			17.96	2	18	19.81	15.7866	17.96	2	11/12/2010
912	19.9065	19.97	203.84	217.09		2	1	10.24	BX	203.84	593099	0	21.2	LB	 34442-1-01	FILET, 16-OZ BI CH MORTONS			10.24	1	10	21.2	19.9065	10.24	1	11/12/2010
4121	19	22.45	0	-416.35		1	1	-1	LB	0	593100	-1	416.35	LB	 14328-1-01	STRIPSTK, 10-OZ CC BNLS 1" PR			-1	-1	-1	416.35	0	0	0	11/12/2010
4121	0	0	0	0		0	2	0		0	593100	0	0		     0-0-00	REFER TO INVOICE 592419	RA-01206 PRICING CREDIT DIFFERENT	GOT PRIME WANTED CHOICE	0	0	0	0	0	0	0	11/12/2010
3274	9.2357	0	0	-324.65		1	1	-1	LB	0	593101	-1	324.65	LB	 35733-1-01	BEEF, RIB CHOP 30/32-OZ FRD CH			-1	-1	-1	324.65	0	0	0	11/12/2010
3274	0	0	0	0		0	2	0		0	593101	0	0		     0-0-00	REFER TO INVOICE 591454	RA-001126 PRICING		0	0	0	0	0	0	0	11/12/2010
3207	17.1533	17.98	0	-220.94		1	1	-12.2	LB	0	593102	-1	18.11	LB	 35242-1-01	FILET, 8 1/4 - 8 3/4 24/BX FC			-12.2	-12.2	-12.2	18.11	0	0	0	11/12/2010
3207	0	0	0	0		0	2	0		0	593102	0	0		     0-0-00	REFER TO INVOICE 589813	RA-01128 PRODUCT LOST IN 	TRANSPORT DURING DELIVER	0	0	0	0	0	0	0	11/12/2010
4136	2.9	3	56	60		1	1	20	BX	56	593103	0	3	LB	 78119-1-01	GROUND BEEF, GIBSONS			20	2	20	3	2.9	20	2	11/12/2010
4136	0	0	0	0		0	2	0		0	593103	0	0		     0-0-00	ADD ON			0	0	0	0	0	0	0	11/12/2010
3266	22.8095	0	1393.2	1457.37		1	1	61.08	BX	1393.2	593104	0	23.86	LB	 39464-1-01	FILET, 7-OZ 1190B CC ANGUS			61.08	6	57.75	23.86	22.8095	61.08	6	11/12/2010
3266	22.8095	0	1185.64	1240.24		2	1	51.98	BX	1185.64	593104	0	23.86	LB	 39466-1-01	FILET, 10-OZ 1190B CC ANGUS			51.98	5	50	23.86	22.8095	51.98	5	11/12/2010
3266	9.0909	0	1073.27	1263.24		3	1	118.06	BX	1073.27	593104	0	10.7	LB	 39304-1-01	STRIPSTK, 14-OZ CC BNLS ANG			118.06	11	115.5	10.7	9.0909	118.06	11	11/12/2010
3266	17.8793	0	720.89	960.83		4	1	40.32	BX	720.89	593104	0	23.83	LB	 38115-1-01	FILET, 10-OZ 1190B CC CH			40.32	4	40	23.83	17.8793	40.32	4	11/12/2010
3266	17.0421	0	348.34	428.83		5	1	20.44	BX	348.34	593104	0	20.98	LB	 42320-1-01	FILET, 10-OZ 1190B CC SEL			20.44	2	20	20.98	17.0421	20.44	2	11/12/2010
3266	4.32	0	100.22	117.39		6	1	23.2	BX	100.22	593104	0	5.06	LB	 31403-1-01	STRIPLOIN, 0X1 BNLS 1/BOX			23.2	2	24	5.06	4.32	23.2	2	11/12/2010
3266	3.3636	0	174.64	211.31		7	1	51.92	BX	174.64	593104	0	4.07	LB	 38411-1-01	BEEF, BALL TIP 8-OZ CH			51.92	5	50	4.07	3.3636	51.92	5	11/12/2010
3266	5.1657	0	578.77	690.17		8	1	112.04	BX	578.77	593104	0	6.16	LB	 35409-1-01	BEEF, CULOTTE 10-OZ 1184D CH			112.04	11	110	6.16	5.1657	112.04	11	11/12/2010
3266	3.5	0	0	-1526.96		1	1	-1	LB	0	593105	-1	1526.96	LB	 34124-1-01	STRIPSTK, 10-OZ VEIN 20/BX  			-1	-1	-1	1526.96	0	0	0	11/12/2010
3266	2.35	0	0	-438.56		2	1	-1	LB	0	593105	-1	438.56	LB	 11526-1-01	BEEF, SHORT LN STRIPS JULIENNE			-1	-1	-1	438.56	0	0	0	11/12/2010
3266	4	0	0	-765.84		3	1	-1	LB	0	593105	-1	765.84	LB	 35555-1-01	BEEF, RIB EYE 8-OZ FROZEN CH			-1	-1	-1	765.84	0	0	0	11/12/2010
3266	3.5	0	0	-617.25		4	1	-1	LB	0	593105	-1	617.25	LB	 36831-1-01	BEEF, VEIN STK 12-OZ USFOOD CH			-1	-1	-1	617.25	0	0	0	11/12/2010
3266	0	0	0	0		0	2	0		0	593105	0	0		     0-0-00	REFER TO INVVOICE 592617	RA-00813 PRICING		0	0	0	0	0	0	0	11/12/2010
417	8.56	9.3	5549.44	6029.19		1	1	648.3	BX	5549.44	593106	0	9.3	LB	 32206-1-01	BEEF,TENDER 6/UP DEL FRISCO			648.3	8	576	9.3	8.56	648.3	8	11/12/2010
417	9.08	9.95	1521.81	1642.48		2	1	167.6	BX	1521.81	593106	0	9.8	LB	 11316-1-01	BEEF, RIB EYE 12/15 2"LIP PR			167.6	2	168	9.8	9.08	167.6	2	11/12/2010
417	10.5	11.15	1419.6	1507.48		3	1	135.2	BX	1419.6	593106	0	11.15	LB	 11397-1-01	STRIPLOIN, 0X1 BNLS DEL FRISCO			135.2	2	132	11.15	10.5	135.2	2	11/12/2010
417	18.5184	20.45	569.99	614.06		4	1	30.78	BX	569.99	593106	0	19.95	LB	 16059-1-01	BEEF, P-HOUSE 24-OZ CC NV PR			30.78	2	30	19.95	18.5184	30.78	2	11/12/2010
417	14.1968	20.95	577.53	852.25		5	1	40.68	BX	577.53	593106	0	20.95	LB	 35081-1-01	FILET, 16-OZ BI CH DEL FRISCO			40.68	4	40	20.95	14.1968	40.68	4	11/12/2010
417	16.8829	18.45	684.43	727.69		6	1	40.54	BX	684.43	593106	0	17.95	LB	 15542-1-01	BEEF, RIB CHOP 20/22-OZ FRD PR			40.54	3	41.25	17.95	16.8829	40.54	3	11/12/2010
417	14.45	16.25	110.54	124.31		7	1	7.65	BX	110.54	593106	0	16.25	LB	 15711-1-01	BEEF, RIB CHOP 30/32-OZ			7.65	1	8	16.25	14.45	7.65	1	11/12/2010
417	8.58	9.95	299.45	347.26		8	1	34.9	BX	299.45	593106	0	9.95	LB	 56804-1-01	VEAL, 3" OSSO BUCO PROVIMI			34.9	3	30	9.95	8.58	34.9	3	11/12/2010
417	16.9	16.95	321.1	322.05		9	1	19	BX	321.1	593106	0	16.95	LB	 55127-1-01	LAMB, RACK 9-RIB FR'D CAP OFF			19	1	10	16.95	16.9	19	1	11/12/2010
417	2.93	3.4	42.45	51		10	1	15	BX	42.45	593106	0	3.4	LB	 43703-1-01	GROUND BEEF, PATTY 10-OZ 75/25			15	1	15	3.4	2.93	15	1	11/12/2010
417	5.3763	0	19.14	21.18		11	1	3.56	PC	19.14	593106	0	5.95	LB	 35094-1-01	BEEF, 10-OZ CHK SHORT RIB BNLS			3.56	6	3.75	5.95	5.3763	3.56	1	11/12/2010
3266	0	0	0	0		0	2	0		0	593107	0	0		     0-0-00	SPECIAL INCENTIVE PROGRAM	PER WILL REFER TO INVOICE	588881	0	0	0	0	0	0	0	11/12/2010
748	16.4849	17.5	-453.33	-481.25		1	1	-27.5	LB	0	593108	0	0	LB	 15731-1-01	BEEF, RIB CHOP 20/22-OZ FRD PR			-27.5	-27.5	-27.5	17.5	16.4849	0	0	11/12/2010
748	22.4722	23.45	-109.66	-114.44		2	1	-4.88	LB	0	593108	0	0	LB	 14114-1-01	STRIPSTK, 13-OZ CC NV 1" PR			-4.88	-4.88	-4.88	23.45	22.4722	0	0	11/12/2010
748	22.4722	23.45	-53.48	-55.81		3	1	-2.38	LB	0	593108	0	0	LB	 14119-1-01	STRIPSTK, 19-OZ CC NV 1" PR			-2.38	-2.38	-2.38	23.45	22.4722	0	0	11/12/2010
748	17.8793	19.95	-33.61	-37.51		4	1	-1.88	LB	0	593108	0	0	LB	 35002-1-01	FILET, 10-OZ 1190			-1.88	-1.88	-1.88	19.95	17.8793	0	0	11/12/2010
748	2.9	3	-290	-300		5	1	-100	LB	0	593108	0	0	LB	 78119-1-01	GROUND BEEF, GIBSONS			-100	-100	-100	3	2.9	0	0	11/12/2010
748	17.2123	18.25	-223.76	-237.25		6	1	-13	LB	0	593108	0	0	LB	 16065-1-01	BEEF, P-HOUSE 26-OZ 1" PR			-13	-13	-13	18.25	17.2123	0	0	11/12/2010
748	0	0	0	0		0	2	0		0	593108	0	0		     0-0-00	REFER TO INVOICE 592331	RA-01204 QUALITY		0	0	0	0	0	0	0	11/12/2010
71	12	14.95	-121.44	-151.29		1	1	-10.12	LB	0	593109	0	0	LB	 14600-1-01	STRIPSTK, 8-OZ CC BNLS NV 1" P			-10.12	-10.12	-10.12	14.95	12	0	0	11/12/2010
71	0	0	0	0		0	2	0		0	593109	0	0		     0-0-00	REFER TO INVOICE 592638	RA-01046 OVER ORDER		0	0	0	0	0	0	0	11/12/2010
748	17.2123	18.25	-111.88	-118.63		1	1	-6.5	LB	0	593110	0	0	LB	 16065-1-01	BEEF, P-HOUSE 26-OZ 1" PR			-6.5	-6.5	-6.5	18.25	17.2123	0	0	11/12/2010
748	0	0	0	0		0	2	0		0	593110	0	0		     0-0-00	REFER TO INVOICE 592313	RA-01202 QUALITY		0	0	0	0	0	0	0	11/12/2010
748	16.4849	17.5	-181.33	-192.5		1	1	-11	LB	0	593111	0	0	LB	 15731-1-01	BEEF, RIB CHOP 20/22-OZ FRD PR			-11	-11	-11	17.5	16.4849	0	0	11/12/2010
748	17.2123	18.25	-25.82	-27.38		2	1	-1.5	LB	0	593111	0	0	LB	 14273-1-01	STRIPSTK, 24-OZ CC BI NV CC 1"			-1.5	-1.5	-1.5	18.25	17.2123	0	0	11/12/2010
748	17.2123	18.25	-51.64	-54.75		3	1	-3	LB	0	593111	0	0	LB	 14229-1-01	STRIPSTK, 16-OZ BI NV CC 1" PR			-3	-3	-3	18.25	17.2123	0	0	11/12/2010
748	0	0	0	0		0	2	0		0	593111	0	0		     0-0-00	REFER TO INVOICE 592238	RA-01201 QUALITY		0	0	0	0	0	0	0	11/12/2010
4136	22.4722	23.45	-266.97	-278.59		1	1	-11.88	LB	0	593112	0	0	LB	 14119-1-01	STRIPSTK, 19-OZ CC NV 1" PR			-11.88	-11.88	-11.88	23.45	22.4722	0	0	11/12/2010
4136	0	0	0	0		0	2	0		0	593112	0	0		     0-0-00	REFER TO INVOICE 592256	RA-01205 QUALITY		0	0	0	0	0	0	0	11/12/2010
748	17.2123	18.25	-51.64	-54.75		1	1	-3	LB	0	593113	0	0	LB	 16097-1-01	BEEF, P-HOUSE 48-OZ PR			-3	-3	-3	18.25	17.2123	0	0	11/12/2010
748	0	0	0	0		0	2	0		0	593113	0	0		     0-0-00	REFER TO INVOICE 592391	RA-01203 QUALITY		0	0	0	0	0	0	0	11/12/2010
3365	2.46	3.06	106.2	137.7		1	1	45	BX	106.2	593114	0	3.06	LB	 66405-1-01	BACON, GUSTO BRAND 15# BX			45	3	45	3.06	2.46	45	3	11/12/2010
3365	2.96	3.56	44.4	53.4		2	1	15	BX	44.4	593114	0	3.56	LB	 66468-1-01	BACON, 18/22 SYP 15# GRILL RDY			15	1	15	3.56	2.96	15	1	11/12/2010
3365	0	0	0	0		0	2	0		0	593114	0	0		     0-0-00		ADD ON SHIP WITH MAIN ORDER		0	0	0	0	0	0	0	11/12/2010
3435	8.56	0	20957.43	22646.78		2	1	2448.3	BX	20957.43	593115	0	9.25	LB	 32206-1-01	BEEF,TENDER 6/UP DEL FRISCO			2448.3	30	2160	9.25	8.56	2448.3	30	11/12/2010
3435	17.8667	0	5795.24	6211.49		3	1	324.36	BX	5795.24	593115	0	19.15	LB	 14268-1-01	STRIPSTK, 26-OZ BI NV CC 1" PR			324.36	20	325	19.15	17.8667	324.36	20	11/12/2010
3435	16.9	0	2646.54	2646.54		4	1	156.6	BX	2646.54	593115	0	16.9	LB	 55127-1-01	LAMB, RACK 9-RIB FR'D CAP OFF			156.6	8	80	16.9	16.9	156.6	8	11/12/2010
3435	8.87	0	365.45	366.68		5	1	41.2	BX	365.45	593115	0	8.9	LB	 66248-1-01	PORK, P-HOUSE 16-OZ DRY AGE			41.2	4	40	8.9	8.87	41.2	4	11/12/2010
3435	14.45	0	1096.33	1283.52		6	1	76.4	BX	1096.33	593115	0	16.8	LB	 15711-1-01	BEEF, RIB CHOP 30/32-OZ			76.4	10	80	16.8	14.45	76.4	10	11/12/2010
3435	11.0847	0	558.01	664.49		7	1	50.34	BX	558.01	593115	0	13.2	LB	 56608-1-01	VEAL, PORTERHOUSE 16-OZ 10/BX			50.34	5	50	13.2	11.0847	50.34	5	11/12/2010
3435	16.8829	0	6856.46	7269.55		8	1	406.12	BX	6856.46	593115	0	17.9	LB	 15542-1-01	BEEF, RIB CHOP 20/22-OZ FRD PR			406.12	30	412.5	17.9	16.8829	406.12	30	11/12/2010
3435	14.1968	0	2222.92	3272.52		9	1	156.58	BX	2222.92	593115	0	20.9	LB	 35081-1-01	FILET, 16-OZ BI CH DEL FRISCO			156.58	15	150	20.9	14.1968	156.58	15	11/12/2010
748	16.4849	17.5	-113.42	-120.4		1	1	-6.88	LB	0	593116	0	0	LB	 15731-1-01	BEEF, RIB CHOP 20/22-OZ FRD PR			-6.88	-6.88	-6.88	17.5	16.4849	0	0	11/12/2010
748	2.9	3	-29	-30		2	1	-10	LB	0	593116	0	0	LB	 78119-1-01	GROUND BEEF, GIBSONS			-10	-10	-10	3	2.9	0	0	11/12/2010
748	0	0	0	0		0	2	0		0	593116	0	0		     0-0-00	REFER TO INVOICE 592682	RA-NONE QUALITY		0	0	0	0	0	0	0	11/12/2010
3691	4.69	0	-69.69	-88.42		1	1	-14.86	LB	0	593117	0	5.95	LB	 66766-1-01	HAM, NUESKE BNLS 10/12 SMKD			-14.86	-14.86	-14.86	5.95	4.69	0	0	11/12/2010
3691	0	0	0	0		0	2	0		0	593117	0	0		     0-0-00	REFER TO INVOICE 592323	RA-0137 INCOERRECT ITEM		0	0	0	0	0	0	0	11/12/2010
3266	4.2214	0	88.74	114.35		1	1	21.02	BX	88.74	593118	0	5.44	LB	 66107-1-01	PORK, CHOP 10-OZ CC SEMI BNLS			21.02	2	20	5.44	4.2214	21.02	2	11/12/2010
3266	4.2214	0	44.75	57.66		2	1	10.6	BX	44.75	593118	0	5.44	LB	 66237-1-01	PORK, CHOP 8-OZ CC 20/BX			10.6	1	10	5.44	4.2214	10.6	1	11/12/2010
3266	8.58	0	82.37	98.4		3	1	9.6	BX	82.37	593118	0	10.25	LB	 56809-1-01	VEAL, 2" OSSO BUCO BI PROVIMI			9.6	1	10	10.25	8.58	9.6	1	11/12/2010
3243	5.6357	0	-57.03	-73.17		1	1	-10.12	LB	0	593119	0	7.23	LB	 35866-1-01	BEEF, 10-OZ 1140 HANGING TENDR			-10.12	-10.12	-10.12	7.23	5.6357	0	0	11/12/2010
3243	0	0	0	0		0	2	0		0	593119	0	0		     0-0-00	REFER TO INVOICE 591796	RA-01118 QUALITY		0	0	0	0	0	0	0	11/12/2010
3060	4.0741	0	53.37	62.62		1	1	13.1	BX	53.37	593120	0	4.78	LB	 35855-1-01	BEEF, CUBE STEAK 4-OZ			13.1	1	1	4.78	4.0741	13.1	1	11/12/2010
3060	15.41	0	163.04	200.17		2	1	10.58	BX	163.04	593120	0	18.92	LB	 42316-1-01	FILET, 8-OZ 1190A E/E SEL			10.58	1	10	18.92	15.41	10.58	1	11/12/2010
3060	8.85	0	110.8	128.08		3	1	12.52	BX	110.8	593120	0	10.23	LB	 36045-1-01	BEEF, P-HOUSE 20-OZ 1" CH			12.52	1	12.5	10.23	8.85	12.52	1	11/12/2010
3060	17.8793	0	179.87	239.73		4	1	10.06	BX	179.87	593120	0	23.83	LB	 38115-1-01	FILET, 10-OZ 1190B CC CH			10.06	1	10	23.83	17.8793	10.06	1	11/12/2010
3060	5	0	296	416.77		5	1	59.2	BX	296	593120	0	7.04	LB	 32158-1-01	BEEF, EXPORT RIB 12/15 2X2 CH			59.2	1	70	7.04	5	59.2	1	11/12/2010
3060	7.5	0	131.7	162.96		6	1	17.56	BX	131.7	593120	0	9.28	LB	 34184-1-01	STRIPSTK, 14-OZ BNLS CC NV 1"			17.56	2	17.5	9.28	7.5	17.56	2	11/12/2010
3060	15.2071	0	177.62	233.6		7	1	11.68	PC	177.62	593120	0	20	LB	 32232-1-01	TENDERS, 3.5/UP 190A CH			11.68	3	10.5	20	15.2071	11.68	1	11/12/2010
3060	0	0	0	0		0	2	0		0	593120	0	0		     0-0-00	PACK 3 PCS ONLY FOR 32232			0	0	0	0	0	0	0	11/12/2010
3060	1.35	0	135	165		9	1	100	BX	135	593120	0	1.65	LB	 56829-1-01	VEAL, BONES MIXED			100	2	100	1.65	1.35	100	2	11/12/2010
3060	45.22	0	90.44	108.46		10	1	2	EA	90.44	593120	0	54.23	EA	 56868-1-01	VEAL, DEMI GLACE 16# FRZ PAIL			2	2	2	54.23	45.22	2	2	11/12/2010
3060	0.93	0	85.84	101.53		11	1	92.3	BX	85.84	593120	0	1.1	LB	 48501-1-01	BEEF, BONES CUT 50-60#			92.3	2	130	1.1	0.93	92.3	2	11/12/2010
3060	4.2214	0	89.83	115.76		12	1	21.28	BX	89.83	593120	0	5.44	LB	 66109-1-01	PORK, CHOP 10-OZ CC FR'D 16/BX			21.28	2	20	5.44	4.2214	21.28	2	11/12/2010
3060	11.5386	0	177	233.32		13	1	15.34	BX	177	593120	0	15.21	LB	 35531-1-01	BEEF, RIB CHOP 20-OZ FRD CH			15.34	1	12.5	15.21	11.5386	15.34	1	11/12/2010
3266	17.8793	0	350.79	473.04		1	1	19.62	BX	350.79	593121	0	24.11	LB	 35319-1-01	FILET, 11-OZ 1190B CC SK/S OFF			19.62	2	19.25	24.11	17.8793	19.62	2	11/12/2010
3266	19.4643	0	627.52	694.77		2	1	32.24	BX	627.52	593121	0	21.55	LB	 20102-1-01	TENDERS, 4/UP 190A BLOCK RDY			32.24	2	40	21.55	19.4643	32.24	2	11/12/2010
3266	8.85	0	90.09	104.14		3	1	10.18	BX	90.09	593121	0	10.23	LB	 36023-1-01	BEEF, P-HOUSE 16-OZ 1" CH			10.18	1	10	10.23	8.85	10.18	1	11/12/2010
3266	5.4403	0	53.75	63.92		4	1	9.88	BX	53.75	593121	0	6.47	LB	 38037-1-01	BEEF, TERES MAJOR STEAK 8-OZ			9.88	1	10	6.47	5.4403	9.88	1	11/12/2010
3266	5.7647	0	58.8	70.58		5	1	10.2	BX	58.8	593121	0	6.92	LB	 34549-1-01	BEEF,TOP BUTT 10-OZ CC 1184B			10.2	1	6.25	6.92	5.7647	10.2	1	11/12/2010
3266	7.5	0	96.15	118.97		6	1	12.82	BX	96.15	593121	0	9.28	LB	 34112-1-01	STRIPSTK, 10-OZ BNLS CC NV 1"			12.82	1	12.5	9.28	7.5	12.82	1	11/12/2010
3266	21.31	0	228.02	273.92		7	1	10.7	BX	228.02	593121	0	25.6	LB	 15209-1-01	FILET, 10-OZ 1190A E/E PR			10.7	1	10	25.6	21.31	10.7	1	11/12/2010
3266	9.13	0	158.86	194.18		8	1	17.4	BX	158.86	593121	0	11.16	LB	 56002-1-01	VEAL, 6-RIB CHOP READY RACK			17.4	1	15	11.16	9.13	17.4	1	11/12/2010
3266	18.4391	0	407.88	495.05		9	1	22.12	BX	407.88	593121	0	22.38	LB	 15706-1-01	BEEF, RIB CHOP 16/18-OZ PR			22.12	2	20	22.38	18.4391	22.12	2	11/12/2010
3266	10.5	0	106.89	150.56		10	1	10.18	BX	106.89	593121	0	14.79	LB	 35235-1-01	FILET, 8-OZ 1190A 1ST CUT CH			10.18	1	10	14.79	10.5	10.18	1	11/12/2010
3266	6.2941	0	130.67	180.61		11	1	20.76	BX	130.67	593121	0	8.7	LB	 14531-1-01	BEEF, TOP BUTT 14-OZ CC PR			20.76	2	21	8.7	6.2941	20.76	2	11/12/2010
3266	11.3273	0	308.33	272.74		12	1	27.22	BX	308.33	593121	0	10.02	LB	 24160-1-01	STRIPSTK, 12-OZ CC 1180A CAB			27.22	3	27	10.02	11.3273	27.22	3	11/12/2010
3266	8.2333	0	73.11	84.98		13	1	8.88	BX	73.11	593121	0	9.57	LB	 34303-1-01	STRIPSTK, 14-OZ CC BI 1" CH			8.88	1	8.75	9.57	8.2333	8.88	1	11/12/2010
3266	4.2214	0	85.78	120.7		14	1	20.32	BX	85.78	593121	0	5.94	LB	 65873-1-01	PORK, 7-OZ RIB CHOP CC FRENCHD			20.32	2	19.25	5.94	4.2214	20.32	2	11/12/2010
3266	17.0421	0	176.56	217.35		15	1	10.36	BX	176.56	593121	0	20.98	LB	 42319-1-01	FILET, 8-OZ 1190B CC SEL			10.36	1	10	20.98	17.0421	10.36	1	11/12/2010
3862	15.7866	19.81	-267.43	-335.58		1	1	-16.94	LB	0	593122	0	0	LB	 16084-1-01	BEEF, P-HOUSE 48-OZ MORTON PR			-16.94	-16.94	-16.94	19.81	15.7866	0	0	11/12/2010
3862	0	0	0	0		0	2	0		0	593122	0	0		     0-0-00	REFER TO INVOICE 592710	RA-01127 USED INCORRECT ITEM #		0	0	0	0	0	0	0	11/12/2010
2029	9.57	0	2240.34	2303.54		1	1	234.1	BX	2240.34	593123	0	9.84	LB	 32212-1-01	TENDERS, 5/UP 189A PSMO CH			234.1	3	180	9.84	9.57	234.1	3	11/12/2010
2029	6.65	0	537.32	575.3		2	1	80.8	BX	537.32	593123	0	7.12	LB	 31325-1-01	BEEF, RIB EYE 16.5/DN 2" HS MP			80.8	1	99	7.12	6.65	80.8	1	11/12/2010
4055	9.57	0	3829.92	3937.97		1	1	400.2	BX	3829.92	593124	0	9.84	LB	 32212-1-01	TENDERS, 5/UP 189A PSMO CH			400.2	5	300	9.84	9.57	400.2	5	11/12/2010
4055	6.05	0	941.38	818.46		2	1	155.6	BX	941.38	593124	0	5.26	LB	 31405-1-01	STRIPLOIN, 0X1 BNL HAND SEL MP			155.6	2	120	5.26	6.05	155.6	2	11/12/2010
4055	14.1968	0	628.63	1016.23		3	1	44.28	BX	628.63	593124	0	22.95	LB	 35303-1-01	FILET, 12-OZ BI MP			44.28	4	42	22.95	14.1968	44.28	4	11/12/2010
4055	8.2333	0	271.86	305.77		4	1	33.02	BX	271.86	593124	0	9.26	LB	 34242-1-01	STRIPSTK, 18-OZ CC NV BI MP			33.02	3	33.75	9.26	8.2333	33.02	3	11/12/2010
3217	19.3973	0	269.62	371.41		1	1	13.9	BX	269.62	593125	0	26.72	LB	 35018-1-01	FILET, 9-OZ 1190B BARREL CUT			13.9	1	13.5	26.72	19.3973	13.9	1	11/12/2010
3217	10.5925	0	109.31	128.28		2	1	10.32	BX	109.31	593125	0	12.43	LB	 35800-1-01	BEEF, RIB CHOP 14/16-OZ FRD CH			10.32	1	10	12.43	10.5925	10.32	1	11/12/2010
3217	7.5	0	66.6	83.29		3	1	8.88	BX	66.6	593125	0	9.38	LB	 34184-1-01	STRIPSTK, 14-OZ BNLS CC NV 1"			8.88	1	8.75	9.38	7.5	8.88	1	11/12/2010
3217	4.2214	0	45.68	59.94		4	1	10.82	BX	45.68	593125	0	5.54	LB	 65837-1-01	PORK, 12-OZ RIB CHOP CC 1410A			10.82	1	10.5	5.54	4.2214	10.82	1	11/12/2010
3508	7.5	0	238.95	262.85		1	1	31.86	BX	238.95	593126	0	8.25	LB	 34208-1-01	STRIPSTK, 12-OZ CC NV CH			31.86	3	31.5	8.25	7.5	31.86	3	11/12/2010
3508	9.57	0	3616.51	3718.54		2	1	377.9	BX	3616.51	593126	0	9.84	LB	 32212-1-01	TENDERS, 5/UP 189A PSMO CH			377.9	5	300	9.84	9.57	377.9	5	11/12/2010
3508	6.65	0	563.26	603.06		3	1	84.7	BX	563.26	593126	0	7.12	LB	 31325-1-01	BEEF, RIB EYE 16.5/DN 2" HS MP			84.7	1	99	7.12	6.65	84.7	1	11/12/2010
3508	8.85	0	134.17	140.38		4	1	15.16	BX	134.17	593126	0	9.26	LB	 36064-1-01	BEEF, P-HOUSE 24-OZ 1" TL MP			15.16	1	15	9.26	8.85	15.16	1	11/12/2010
3508	14.1968	0	310.62	502.15		5	1	21.88	BX	310.62	593126	0	22.95	LB	 35303-1-01	FILET, 12-OZ BI MP			21.88	2	21	22.95	14.1968	21.88	2	11/12/2010
3508	3.5	0	106.4	142.88		6	1	30.4	BX	106.4	593126	0	4.7	LB	 34150-1-01	STRIPSTK, 12-OZ BNL VEIN IN MP			30.4	2	30	4.7	3.5	30.4	2	11/12/2010
3508	7.95	0	146.36	191.46		7	1	18.41	BX	146.36	593126	0	10.4	LB	 55025-1-01	LAMB, RACK 24-26 OZ AUSSIE			18.41	1	18.75	10.4	7.95	18.41	1	11/12/2010
3508	6.7343	0	544.13	584.18		8	1	80.8	BX	544.13	593126	0	7.23	LB	 32162-1-01	BEEF, EXPORT RIB HAND SEL MP			80.8	1	64	7.23	6.7343	80.8	1	11/12/2010
3508	8.2333	0	87.44	98.34		9	1	10.62	BX	87.44	593126	0	9.26	LB	 34242-1-01	STRIPSTK, 18-OZ CC NV BI MP			10.62	1	11.25	9.26	8.2333	10.62	1	11/12/2010
3508	7.5	0	75	82.5		10	1	10	BX	75	593126	0	8.25	LB	 34109-1-01	STRIPSTK, 16-OZ CC NV CH			10	1	10	8.25	7.5	10	1	11/12/2010
4062	27.69	33.95	553.8	679		1	1	20	PC	553.8	593127	0	33.95	LB	 11366-1-01	BEEF, TENDER AMER KOBE 5/UP			20	4	16	33.95	27.69	20	1	11/12/2010
4062	10.75	12.25	800.88	912.63		2	1	74.5	BX	800.88	593127	0	12.25	LB	 11204-1-01	TENDERS, 6/UP PSMO PR	HEAVY		74.5	1	85	12.25	10.75	74.5	1	11/12/2010
4062	10.6	11.35	893.58	956.81		3	1	84.3	BX	893.58	593127	0	11.35	LB	 22201-1-01	TENDERS, PSMO 6/UP CAB	HEAVY		84.3	1	72	11.35	10.6	84.3	1	11/12/2010
4062	16.8829	17.75	422.41	444.11		4	1	25.02	BX	422.41	593127	0	17.75	LB	 15713-1-01	BEEF, RIB CHOP 18/20-OZ BI PR			25.02	2	23.75	17.75	16.8829	25.02	2	11/12/2010
2072	10.9887	13.95	-112.3	-142.57		1	1	-10.22	LB	0	593128	0	0	LB	 55312-1-01	LAMB, P-HOUSE 8-OZ NT 2/PK			-10.22	-10.22	-10.22	13.95	10.9887	0	0	11/12/2010
2072	0	0	0	0		0	2	0		0	593128	0	0		     0-0-00	REFER TO INVOICE 592117	RA-01208 WRONG ITEM		0	0	0	0	0	0	0	11/12/2010
177	2.93	3.4	0	-102		1	1	-30	LB	0	593129	-1	3.4	LB	 43703-1-01	GROUND BEEF, PATTY 10-OZ 75/25			-30	-30	-30	3.4	0	0	0	11/12/2010
177	0	0	0	0		0	2	0		0	593129	0	0		     0-0-00	REFER TO INVOICE 592211	RA-01212	ORDER FILLER MISPACKED	0	0	0	0	0	0	0	11/12/2010
3344	11.0847	0	113.06	134.64		1	1	10.2	BX	113.06	593130	0	13.2	LB	 56608-1-01	VEAL, PORTERHOUSE 16-OZ 10/BX			10.2	1	10	13.2	11.0847	10.2	1	11/12/2010
3344	9.08	0	2360.81	2386.8		2	1	260	BX	2360.81	593130	0	9.18	LB	 11316-1-01	BEEF, RIB EYE 12/15 2"LIP PR			260	3	252	9.18	9.08	260	3	11/12/2010
3344	16.8829	0	1591.39	1687.25		3	1	94.26	BX	1591.39	593130	0	17.9	LB	 15542-1-01	BEEF, RIB CHOP 20/22-OZ FRD PR			94.26	7	96.25	17.9	16.8829	94.26	7	11/12/2010
3344	10.5	0	2251.2	2379.84		4	1	214.4	BX	2251.2	593130	0	11.1	LB	 11397-1-01	STRIPLOIN, 0X1 BNLS DEL FRISCO			214.4	3	198	11.1	10.5	214.4	3	11/12/2010
3344	8.56	0	5444.16	5883		5	1	636	BX	5444.16	593130	0	9.25	LB	 32206-1-01	BEEF,TENDER 6/UP DEL FRISCO			636	8	576	9.25	8.56	636	8	11/12/2010
3344	2.93	0	127.35	165.6		6	1	45	BX	127.35	593130	0	3.68	LB	 43703-1-01	GROUND BEEF, PATTY 10-OZ 75/25			45	3	45	3.68	2.93	45	3	11/12/2010
3344	16.9	0	390.39	390.39		7	1	23.1	BX	390.39	593130	0	16.9	LB	 55127-1-01	LAMB, RACK 9-RIB FR'D CAP OFF			23.1	1	10	16.9	16.9	23.1	1	11/12/2010
3344	14.45	0	333.02	388.08		8	1	23.1	BX	333.02	593130	0	16.8	LB	 15711-1-01	BEEF, RIB CHOP 30/32-OZ			23.1	3	24	16.8	14.45	23.1	3	11/12/2010
3344	14.1968	0	878.5	1293.29		9	1	61.88	BX	878.5	593130	0	20.9	LB	 35081-1-01	FILET, 16-OZ BI CH DEL FRISCO			61.88	6	60	20.9	14.1968	61.88	6	11/12/2010
3341	19	0	754.3	829.73		1	1	39.7	BX	754.3	593131	0	20.9	LB	 14218-1-01	STRIPSTK, 16-OZ CC 1" PR			39.7	4	40	20.9	19	39.7	4	11/12/2010
3341	14.1968	0	591.14	870.28		2	1	41.64	BX	591.14	593131	0	20.9	LB	 35081-1-01	FILET, 16-OZ BI CH DEL FRISCO			41.64	4	40	20.9	14.1968	41.64	4	11/12/2010
3341	4.68	0	75.35	87.58		3	1	16.1	BX	75.35	593131	0	5.44	LB	 43772-1-01	BEEF, OUTER SKIRT SKD&PIN PR			16.1	1	15	5.44	4.68	16.1	1	11/12/2010
3341	8.56	0	2796.55	3021.98		4	1	326.7	BX	2796.55	593131	0	9.25	LB	 32206-1-01	BEEF,TENDER 6/UP DEL FRISCO			326.7	4	288	9.25	8.56	326.7	4	11/12/2010
3341	17.8667	0	1153.11	1235.94		5	1	64.54	BX	1153.11	593131	0	19.15	LB	 14268-1-01	STRIPSTK, 26-OZ BI NV CC 1" PR			64.54	4	65	19.15	17.8667	64.54	4	11/12/2010
3341	16.9	0	321.1	321.1		6	1	19	BX	321.1	593131	0	16.9	LB	 55127-1-01	LAMB, RACK 9-RIB FR'D CAP OFF			19	1	10	16.9	16.9	19	1	11/12/2010
3341	8.87	0	93.76	94.07		7	1	10.57	BX	93.76	593131	0	8.9	LB	 66248-1-01	PORK, P-HOUSE 16-OZ DRY AGE			10.57	1	10	8.9	8.87	10.57	1	11/12/2010
3341	14.45	0	559.94	651		8	1	38.75	BX	559.94	593131	0	16.8	LB	 15711-1-01	BEEF, RIB CHOP 30/32-OZ			38.75	5	40	16.8	14.45	38.75	5	11/12/2010
3341	11.0847	0	227.68	271.13		9	1	20.54	BX	227.68	593131	0	13.2	LB	 56608-1-01	VEAL, PORTERHOUSE 16-OZ 10/BX			20.54	2	20	13.2	11.0847	20.54	2	11/12/2010
3341	16.8829	0	913.37	968.39		10	1	54.1	BX	913.37	593131	0	17.9	LB	 15542-1-01	BEEF, RIB CHOP 20/22-OZ FRD PR			54.1	4	55	17.9	16.8829	54.1	4	11/12/2010
3670	23.5537	0	1481.06	1505.98		1	1	62.88	BX	1481.06	593132	0	23.95	LB	 27008-1-01	FILET, 12-OZ 1190B SK/S OFF			62.88	4	60	23.95	23.5537	62.88	4	11/12/2010
3670	9.33	0	224.85	312.1		2	1	24.1	BX	224.85	593132	0	12.95	LB	 43771-1-01	BEEF, OUTER SKIRTS 24#/BX			24.1	1	24	12.95	9.33	24.1	1	11/12/2010
3670	1.6	0	80	97.5		3	1	50	BX	80	593132	0	1.95	LB	 56832-1-01	VEAL, BONES 2" MARROW			50	1	50	1.95	1.6	50	1	11/12/2010
3670	4.55	0	40.86	87.56		4	1	8.98	BX	40.86	593132	0	9.75	LB	 31121-1-01	BEEF, RIB CAP MEAT PR			8.98	1	10	9.75	4.55	8.98	1	11/12/2010
3670	14.1968	0	293.31	418.37		5	1	20.66	BX	293.31	593132	0	20.25	LB	 35082-1-01	FILET, 16-OZ BI CH			20.66	2	20	20.25	14.1968	20.66	2	11/12/2010
3341	7.5	0	474.45	521.9		1	1	63.26	BX	474.45	593133	0	8.25	LB	 34208-1-01	STRIPSTK, 12-OZ CC NV CH			63.26	6	63	8.25	7.5	63.26	6	11/12/2010
3341	10.25	0	94.3	110.86		2	1	9.2	BX	94.3	593133	0	12.05	LB	 56003-1-01	VEAL, 5-RIB CHOP READY			9.2	1	10	12.05	10.25	9.2	1	11/12/2010
3341	9.57	0	4495.03	4621.85		3	1	469.7	BX	4495.03	593133	0	9.84	LB	 32212-1-01	TENDERS, 5/UP 189A PSMO CH			469.7	6	360	9.84	9.57	469.7	6	11/12/2010
3341	6.65	0	557.27	600.85		4	1	83.8	BX	557.27	593133	0	7.17	LB	 31325-1-01	BEEF, RIB EYE 16.5/DN 2" HS MP			83.8	1	99	7.17	6.65	83.8	1	11/12/2010
3341	8.85	0	272.41	285.02		5	1	30.78	BX	272.41	593133	0	9.26	LB	 36064-1-01	BEEF, P-HOUSE 24-OZ 1" TL MP			30.78	2	30	9.26	8.85	30.78	2	11/12/2010
3341	14.1968	0	619.83	1002		6	1	43.66	BX	619.83	593133	0	22.95	LB	 35303-1-01	FILET, 12-OZ BI MP			43.66	4	42	22.95	14.1968	43.66	4	11/12/2010
3341	3.5	0	105.07	141.09		7	1	30.02	BX	105.07	593133	0	4.7	LB	 34150-1-01	STRIPSTK, 12-OZ BNL VEIN IN MP			30.02	2	30	4.7	3.5	30.02	2	11/12/2010
3341	7.95	0	144.61	189.18		8	1	18.19	BX	144.61	593133	0	10.4	LB	 55025-1-01	LAMB, RACK 24-26 OZ AUSSIE			18.19	1	18.75	10.4	7.95	18.19	1	11/12/2010
3341	9.3403	0	529.78	682.91		9	1	56.72	BX	529.78	593133	0	12.04	LB	 35722-1-01	BEEF, RIB CHOP 22-OZ MP			56.72	4	55	12.04	9.3403	56.72	4	11/12/2010
3341	8.2333	0	282.73	317.99		10	1	34.34	BX	282.73	593133	0	9.26	LB	 34242-1-01	STRIPSTK, 18-OZ CC NV BI MP			34.34	3	33.75	9.26	8.2333	34.34	3	11/12/2010
3341	7.5	0	153.6	168.96		11	1	20.48	BX	153.6	593133	0	8.25	LB	 34109-1-01	STRIPSTK, 16-OZ CC NV CH			20.48	2	20	8.25	7.5	20.48	2	11/12/2010
3341	10.25	0	184.5	216.9		1	1	18	BX	184.5	593134	0	12.05	LB	 56003-1-01	VEAL, 5-RIB CHOP READY			18	2	20	12.05	10.25	18	2	11/12/2010
3341	9.57	0	5235.74	5383.46		2	1	547.1	BX	5235.74	593134	0	9.84	LB	 32212-1-01	TENDERS, 5/UP 189A PSMO CH			547.1	7	420	9.84	9.57	547.1	7	11/12/2010
3341	6.05	0	899.64	782.16		3	1	148.7	BX	899.64	593134	0	5.26	LB	 31405-1-01	STRIPLOIN, 0X1 BNL HAND SEL MP			148.7	2	120	5.26	6.05	148.7	2	11/12/2010
3341	6.65	0	578.55	619.44		4	1	87	BX	578.55	593134	0	7.12	LB	 31325-1-01	BEEF, RIB EYE 16.5/DN 2" HS MP			87	1	99	7.12	6.65	87	1	11/12/2010
3341	8.85	0	401.08	419.66		5	1	45.32	BX	401.08	593134	0	9.26	LB	 36064-1-01	BEEF, P-HOUSE 24-OZ 1" TL MP			45.32	3	45	9.26	8.85	45.32	3	11/12/2010
3341	14.1968	0	613.59	991.9		6	1	43.22	BX	613.59	593134	0	22.95	LB	 35303-1-01	FILET, 12-OZ BI MP			43.22	4	42	22.95	14.1968	43.22	4	11/12/2010
3341	3.5	0	53.34	71.63		7	1	15.24	BX	53.34	593134	0	4.7	LB	 34150-1-01	STRIPSTK, 12-OZ BNL VEIN IN MP			15.24	1	15	4.7	3.5	15.24	1	11/12/2010
3341	7.95	0	147.23	192.61		8	1	18.52	BX	147.23	593134	0	10.4	LB	 55025-1-01	LAMB, RACK 24-26 OZ AUSSIE			18.52	1	18.75	10.4	7.95	18.52	1	11/12/2010
3341	6.7343	0	535.38	574.79		9	1	79.5	BX	535.38	593134	0	7.23	LB	 32162-1-01	BEEF, EXPORT RIB HAND SEL MP			79.5	1	64	7.23	6.7343	79.5	1	11/12/2010
3341	8.2333	0	370.82	417.07		10	1	45.04	BX	370.82	593134	0	9.26	LB	 34242-1-01	STRIPSTK, 18-OZ CC NV BI MP			45.04	4	45	9.26	8.2333	45.04	4	11/12/2010
3274	7.5274	0	76.18	88.75		1	1	10.12	BX	76.18	593135	0	8.77	LB	 42501-1-01	FILET, 6-OZ CC 1190B COMMER			10.12	1	9.75	8.77	7.5274	10.12	1	11/12/2010
3274	8.85	0	103.72	119.08		2	1	11.72	BX	103.72	593135	0	10.16	LB	 36034-1-01	BEEF, P-HOUSE 18-OZ 1" TL CH			11.72	1	11.25	10.16	8.85	11.72	1	11/12/2010
3274	2.35	0	257.23	472.87		3	1	109.46	BX	257.23	593135	0	4.32	LB	 11526-1-01	BEEF, SHORT LN STRIPS JULIENNE			109.46	7	105	4.32	2.35	109.46	7	11/12/2010
3274	3.58	0	107.4	149.7		4	1	30	BX	107.4	593135	0	4.99	LB	 43784-1-01	BEEF, TRIANGLE SKIN & PIN CH			30	3	30	4.99	3.58	30	3	11/12/2010
3274	5.3763	0	108.07	142.91		5	1	20.1	BX	108.07	593135	0	7.11	LB	 35094-1-01	BEEF, 10-OZ CHK SHORT RIB BNLS			20.1	2	20	7.11	5.3763	20.1	2	11/12/2010
3274	4.2214	0	129.26	172.08		6	1	30.62	BX	129.26	593135	0	5.62	LB	 65941-1-01	PORK, 6-OZ RIB CHOP CC 1410A			30.62	3	29.25	5.62	4.2214	30.62	3	11/12/2010
3274	3.7971	0	40.1	51.22		7	1	10.56	BX	40.1	593135	0	4.85	LB	 65902-1-01	PORK, 4-OZ LOIN CHOP CC SM			10.56	1	10	4.85	3.7971	10.56	1	11/12/2010
973	5	7.95	336.3	534.72		1	1	67.26	BX	336.3	593136	0	7.95	LB	 32253-1-01	BEEF, TENDER TAIL 1190A			67.26	5	60	7.95	5	67.26	5	11/12/2010
973	6.28	6.55	931.95	972.02		2	1	148.4	PC	931.95	593136	0	6.55	LB	 31314-1-01	BEEF, RIB EYE 10/12 2" LIP CH			148.4	12	144	6.55	6.28	148.4	3	11/12/2010
955	7.971	10.75	67.43	91.79		1	1	8.46	BX	67.43	593137	0	10.85	LB	 35959-1-01	BEEF, SKIRT STEAK 14-OZ CC			8.46	1	8.75	10.85	7.971	8.46	1	11/12/2010
353	15.3368	16.95	334.34	369.51		1	1	21.8	BX	334.34	593138	0	16.95	LB	 56220-1-01	VEAL, RIB CHOP 12-OZ FR'D CC			21.8	2	21	16.95	15.3368	21.8	2	11/12/2010
353	16.05	17.95	414.09	463.11		2	1	25.8	PC	414.09	593138	0	17.95	LB	 55038-1-01	LAMB, RACK 8-RIB FR'D USDA			25.8	15	30	17.95	16.05	25.8	1	11/12/2010
353	17.8793	21.5	500.98	587.02		3	1	28.02	BX	500.98	593138	0	20.95	LB	 35262-1-01	FILET, 9-OZ 1190B TAVERN CH			28.02	2	27	20.95	17.8793	28.02	2	11/12/2010
2032	8.05	0	2441.58	2714.54		1	1	303.3	BX	2441.58	593139	0	8.95	LB	 11520-1-01	BEEF, SHORT LOIN #174 PR	IBP STRAIGHT CASE		303.3	5	450	8.95	8.05	303.3	5	11/12/2010
2032	7.98	0	3308.5	3710.67		2	1	414.6	BX	3308.5	593139	0	8.95	LB	 11440-1-01	STRIPLOIN, 3X2 15/UP BNLS PR	IBP STRAIGHT CASE		414.6	5	375	8.95	7.98	414.6	5	11/12/2010
748	16.4849	17.5	447.4	474.95		1	1	27.14	BX	447.4	593140	0	17.5	LB	 15731-1-01	BEEF, RIB CHOP 20/22-OZ FRD PR			27.14	2	26.25	17.5	16.4849	27.14	2	11/12/2010
748	17.2123	18.25	490.89	520.49		2	1	28.52	BX	490.89	593140	0	18.25	LB	 16065-1-01	BEEF, P-HOUSE 26-OZ 1" PR			28.52	3	29.25	18.25	17.2123	28.52	3	11/12/2010
1401	20.3232	21.85	266.23	286.24		1	1	13.1	BX	266.23	593142	0	21.85	LB	 55285-1-01	LAMB, RIB CHOP 6-OZ FRD CH			13.1	1	12.38	21.85	20.3232	13.1	1	11/12/2010
3878	20.3232	21.85	264.2	284.05		1	1	13	BX	264.2	593143	0	21.85	LB	 55285-1-01	LAMB, RIB CHOP 6-OZ FRD CH			13	1	12.38	21.85	20.3232	13	1	11/12/2010
3878	0	0	0	0		0	2	0		0	593143	0	0		     0-0-00	ADD ON			0	0	0	0	0	0	0	11/12/2010
3243	8.7765	0	97.59	116.32		1	1	11.12	BX	97.59	593144	0	10.46	LB	 42188-1-01	BEEF, BNLS SHORT RIB 123D 3" N			11.12	1	10	10.46	8.7765	11.12	1	11/12/2010
3243	3.472	0	36.73	45.39		2	1	10.58	BX	36.73	593144	0	4.29	LB	 35956-1-01	BEEF, INSIDE SKIRTS TRIMMED CH			10.58	1	10	4.29	3.472	10.58	1	11/12/2010
3243	5.237	0	55.83	66.84		3	1	10.66	BX	55.83	593144	0	6.27	LB	 33151-1-01	BEEF, TOP BUTT 12-OZ SLAB CUT			10.66	1	10.5	6.27	5.237	10.66	1	11/12/2010
3243	11.0128	0	589.86	691.46		4	1	53.56	BX	589.86	593144	0	12.91	LB	 39632-1-01	BEEF, RIB CHOP 16-OZ 1103 ANGS			53.56	5	50	12.91	11.0128	53.56	5	11/12/2010
3243	16.05	0	433.36	515.97		5	1	27	BX	433.36	593144	0	19.11	LB	 55038-1-01	LAMB, RACK 8-RIB FR'D USDA			27	4	32	19.11	16.05	27	4	11/12/2010
3243	15.41	0	1544.7	1892.53		6	1	100.24	BX	1544.7	593144	0	18.88	LB	 42316-1-01	FILET, 8-OZ 1190A E/E SEL			100.24	10	100	18.88	15.41	100.24	10	11/12/2010
3243	17.2123	0	432.37	452.91		7	1	25.12	BX	432.37	593144	0	18.03	LB	 16067-1-01	BEEF, T-BONE 20-OZ 1" PR			25.12	2	25	18.03	17.2123	25.12	2	11/12/2010
3243	3.97	0	166.74	214.2		8	1	42	BX	166.74	593144	0	5.1	LB	 31428-1-01	STRIPLOIN, 1X1 13/UP BNLS CH			42	1	40	5.1	3.97	42	1	11/12/2010
3243	17.2123	0	173.5	181.74		9	1	10.08	BX	173.5	593144	0	18.03	LB	 14229-1-01	STRIPSTK, 16-OZ BI NV CC 1" PR			10.08	1	10	18.03	17.2123	10.08	1	11/12/2010
3243	3.63	0	553.21	667.51		10	1	152.4	BX	553.21	593144	0	4.38	LB	 43748-1-01	BEEF, FLANK STEAK SKINNED CH			152.4	2	100	4.38	3.63	152.4	2	11/12/2010
3243	2.09	0	46.15	56.3		11	1	22.08	BX	46.15	593144	0	2.55	LB	 66355-1-01	PORK, BELLIE RIND OFF 2/BX			22.08	1	15	2.55	2.09	22.08	1	11/12/2010
3243	6.2941	0	94.29	114.6		12	1	14.98	BX	94.29	593144	0	7.65	LB	 14509-1-01	BEEF, TOP BUTT 10-OZ CC PR			14.98	1	15	7.65	6.2941	14.98	1	11/12/2010
3243	4.68	0	360.93	438.81		13	1	77.12	BX	360.93	593144	0	5.69	LB	 43772-1-01	BEEF, OUTER SKIRT SKD&PIN PR			77.12	5	75	5.69	4.68	77.12	5	11/12/2010
3243	2	0	28	31.78		14	1	14	BX	28	593144	0	2.27	LB	 38406-1-01	BEEF, BALL TIP 2/UP CH			14	1	12	2.27	2	14	1	11/12/2010
3243	5.8033	0	152.39	165.44		15	1	26.26	BX	152.39	593144	0	6.3	LB	 42238-1-01	TENDERS, 4/UP PEELED COMERCIAL			26.26	2	32	6.3	5.8033	26.26	2	11/12/2010
3243	17.2123	0	1345.67	1409.59		16	1	78.18	BX	1345.67	593144	0	18.03	LB	 16065-1-01	BEEF, P-HOUSE 26-OZ 1" PR			78.18	8	78	18.03	17.2123	78.18	8	11/12/2010
3243	8.98	0	729.18	773.84		17	1	81.2	BX	729.18	593144	0	9.53	LB	 11327-1-01	BEEF, RIBEYE LIP ON 12 LB+ PR			81.2	1	72.5	9.53	8.98	81.2	1	11/12/2010
3243	9.75	0	576.83	769.08		18	1	59.16	BX	576.83	593144	0	13	LB	 35170-1-01	FILET, 3-OZ 1190A 3/PK			59.16	5	56.25	13	9.75	59.16	5	11/12/2010
3243	16.13	0	169.04	194.4		19	1	10.48	BX	169.04	593144	0	18.55	LB	 34965-1-01	FILET, 9-OZ 1190A CH			10.48	1	10.13	18.55	16.13	10.48	1	11/12/2010
3243	17.2123	0	152.85	160.11		20	1	8.88	BX	152.85	593144	0	18.03	LB	 16097-1-01	BEEF, P-HOUSE 48-OZ PR			8.88	1	9	18.03	17.2123	8.88	1	11/12/2010
3243	2.63	0	184.1	244.3		21	1	70	BX	184.1	593144	0	3.49	LB	 41806-1-01	BEEF, CHUCK ROLL CH			70	1	51	3.49	2.63	70	1	11/12/2010
3243	17.2123	0	252.68	264.68		22	1	14.68	BX	252.68	593144	0	18.03	LB	 14273-1-01	STRIPSTK, 24-OZ CC BI NV CC 1"			14.68	1	15	18.03	17.2123	14.68	1	11/12/2010
3243	5.6477	0	76.58	98.72		23	1	13.56	BX	76.58	593144	0	7.28	LB	 14542-1-01	TOP BUTT CAP (LONDON BROIL) PR			13.56	1	13	7.28	5.6477	13.56	1	11/12/2010
3243	10.5	0	260.61	366.1		24	1	24.82	BX	260.61	593144	0	14.75	LB	 35235-1-01	FILET, 8-OZ 1190A 1ST CUT CH			24.82	2	20	14.75	10.5	24.82	2	11/12/2010
3243	5.4403	0	170.94	202.03		25	1	31.42	BX	170.94	593144	0	6.43	LB	 38040-1-01	BEEF, TERES MAJOR STEAK 3-OZ			31.42	3	30.38	6.43	5.4403	31.42	3	11/12/2010
3243	3.55	0	869.06	991.44		26	1	244.8	BX	869.06	593144	0	4.05	LB	 37312-1-01	BEEF, CULOTTE PLD CHOICE			244.8	17	170	4.05	3.55	244.8	17	11/12/2010
3243	2.63	0	169.9	225.45		27	1	64.6	BX	169.9	593144	0	3.49	LB	 11806-1-01	BEEF, CHUCK ROLL PR          			64.6	1	60	3.49	2.63	64.6	1	11/12/2010
3243	12.8963	0	331.7	335.13		28	1	25.72	BX	331.7	593144	0	13.03	LB	 12327-1-01	BEEF, 14-OZ OUTER SKIRT PR			25.72	3	31.5	13.03	12.8963	25.72	3	11/12/2010
3243	7.05	0	153.7	175.49		29	1	21.8	BX	153.7	593144	0	8.05	LB	 42185-1-01	BEEF, BNLS SHORT RIB 123D NVL			21.8	2	20	8.05	7.05	21.8	2	11/12/2010
3243	22.4722	0	3067.03	3170.43		30	1	136.48	BX	3067.03	593144	0	23.23	LB	 14114-1-01	STRIPSTK, 13-OZ CC NV 1" PR			136.48	17	138.21	23.23	22.4722	136.48	17	11/12/2010
3243	3.8	0	175.94	204.65		31	1	46.3	BX	175.94	593144	0	4.42	LB	 35104-1-01	BEEF, SHORT RIB BONE-IN 123			46.3	4	40	4.42	3.8	46.3	4	11/12/2010
3243	5.3763	0	331.93	440.82		32	1	61.74	BX	331.93	593144	0	7.14	LB	 35102-1-01	BEEF, 8-OZ CHK SHORT RIB BNLS			61.74	6	60	7.14	5.3763	61.74	6	11/12/2010
3243	4.2214	0	45.42	58.1		33	1	10.76	BX	45.42	593144	0	5.4	LB	 65818-1-01	PORK, 12-OZ LOIN CHOP CC 1412A			10.76	1	10.5	5.4	4.2214	10.76	1	11/12/2010
3243	4.2214	0	45.76	60.16		34	1	10.84	BX	45.76	593144	0	5.55	LB	 65877-1-01	PORK, 12-OZ RIB CHOP CC FRNCHD			10.84	1	10.5	5.55	4.2214	10.84	1	11/12/2010
3243	4.2214	0	44.58	47.52		35	1	10.56	BX	44.58	593144	0	4.5	LB	 66134-1-01	PORK, CHOP 14-OZ CC FR'D			10.56	1	10.5	4.5	4.2214	10.56	1	11/12/2010
3243	3.7971	0	78.83	101.31		36	1	20.76	BX	78.83	593144	0	4.88	LB	 65902-1-01	PORK, 4-OZ LOIN CHOP CC SM			20.76	2	20	4.88	3.7971	20.76	2	11/12/2010
3243	2.74	0	125.5	152.97		37	1	45.8	BX	125.5	593144	0	3.34	LB	 65984-1-01	PORK, TENDERLOIN 1.25# 415			45.8	3	45	3.34	2.74	45.8	3	11/12/2010
3243	3.73	0	72.6	84.8		38	1	20	BX	72.6	593144	0	4.24	LB	 11367-1-01	BEEF, GROUND 4/5# PKGS KOBE			20	1	20	4.24	3.73	20	1	11/12/2010
3243	1.14	0	114	139		39	1	100	BX	114	593144	0	1.39	LB	 66014-1-01	PORK, HOCKS SMOKED			100	4	120	1.39	1.14	100	4	11/12/2010
3243	10.5925	0	120.33	139.61		40	1	11.36	BX	120.33	593144	0	12.29	LB	 35706-1-01	BEEF, RIB CHOP 16/18-OZ BI CH			11.36	1	10.63	12.29	10.5925	11.36	1	11/12/2010
3243	3.97	0	237.01	304.47		41	1	59.7	BX	237.01	593144	0	5.1	LB	 33719-1-01	STRIPLOIN, 13/UP 1X1 BNL CH			59.7	2	52	5.1	3.97	59.7	2	11/12/2010
3243	16.4849	0	2240.3	2348.35		42	1	135.9	BX	2240.3	593144	0	17.28	LB	 15731-1-01	BEEF, RIB CHOP 20/22-OZ FRD PR			135.9	10	131.25	17.28	16.4849	135.9	10	11/12/2010
3593	0.6	0	7500	16500		1	1	12500	BX	0	593145	0	1.32	LB	 48511-1-01	BEEF, TENDERLOIN SIDE MUSCLE			12500	25	12500	1.32	0.6	0	0	11/12/2010
57	17.8793	0	337.92	382.73		1	1	18.9	PC	337.92	593146	0	20.25	LB	 35028-1-01	FILET, 8-OZ 1190B TAVERN CH			18.9	38	19	20.25	17.8793	18.9	2	11/12/2010
57	3.8	0	287.28	362.88		2	1	75.6	BX	287.28	593146	0	4.8	LB	 42231-1-01	BEEF, SHORT RIB REGULAR			75.6	1	10	4.8	3.8	75.6	1	11/12/2010
3919	2.73	4.7	212.94	366.6		1	1	78	PC	0	593147	0	4.7	LB	 11710-1-01	BEEF, TOP BUTT 13/UP PR			78	6	78	4.7	2.73	0	0	11/12/2010
3919	3.97	6.2	190.56	297.6		2	1	48	PC	0	593147	0	6.2	LB	 31414-1-01	STRIPLOIN, 12/15 1X1 BNL CH			48	4	48	6.2	3.97	0	0	11/12/2010
3919	2.24	2.35	35.84	37.6		3	1	16	BX	0	593147	0	2.35	LB	 43695-1-01	GROUND BEEF, PATTY 8-OZ 80/20			16	1	16	2.35	2.24	0	0	11/12/2010
